Date,CampaignID,CampaignName,Platform,TargetAudience,Impressions,Clicks,Leads,Applications,Enrollments,Cost (₹),Revenue (₹),Region,CTR,CPC,Conversion_Rate,CPA,ROAS
2024-01-01,AD004,Hackathon,YouTube,17–21 Age,285708,16956,4087,2547,1148,275457.87,4615838.04,West India,5.934730564072409,16.245451167728238,24.103562160887,239.94587979094075,16.756965557019665
2024-01-02,AD004,Hackathon,YouTube,17–21 Age,140449,10082,1815,951,565,133025.86,3513169.9,North India,7.178406396627958,13.194391985717118,18.00238048006348,235.444,26.40967628399471
2024-01-03,AD004,Hackathon,YouTube,17–21 Age,140958,7474,1169,683,343,135765.61,1051924.88,North India,5.30228862498049,18.1650535188654,15.64088841316564,395.8181049562682,7.7480952650674935
2024-01-04,AD004,Hackathon,YouTube,22–27 Age,257823,16841,3179,1584,698,229715.44,3850639.56,West India,6.532000636095306,13.640249391366309,18.876551273677336,329.1052148997135,16.762650172752863
2024-01-05,AD004,Hackathon,YouTube,25–35 Age,98595,7293,1340,854,368,52360.96,1543262.86,West India,7.39692682184695,7.179618812559989,18.373783079665433,142.28521739130434,29.47354021011074
2024-01-06,AD004,Hackathon,YouTube,22–27 Age,68114,5377,909,505,222,27454.35,1717163.91,North India,7.894118683383739,5.1058861818858094,16.905337548819045,123.66824324324324,62.546150610012624
2024-01-07,AD004,Hackathon,YouTube,17–21 Age,175572,6855,1452,757,346,95497.97,2598807.52,East India,3.9043811086050164,13.931140773158278,21.181619256017505,276.0056936416185,27.21322264755994
2024-01-08,AD004,Hackathon,YouTube,22–27 Age,231966,9373,1934,1247,553,175649.0,2558956.35,West India,4.0406783752791355,18.73989117678438,20.633735196841993,317.629294755877,14.568579098087664
2024-01-09,AD004,Hackathon,YouTube,17–21 Age,281339,12310,2329,1319,734,126723.85,4265725.03,West India,4.375504284866301,10.294382615759545,18.9195775792039,172.6482970027248,33.66158012086912
2024-01-10,AD004,Hackathon,YouTube,22–27 Age,98805,6952,1479,955,455,49446.12,3012430.04,North India,7.0360811699812755,7.112502876869966,21.274453394706562,108.67279120879121,60.923486817570314
2024-01-11,AD004,Hackathon,YouTube,25–35 Age,144093,11451,1776,934,480,104177.45,1723113.84,North India,7.946950927525973,9.09767269234128,15.509562483625885,217.03635416666665,16.54018062450175
2024-01-12,AD004,Hackathon,YouTube,25–35 Age,158894,6588,1470,867,405,102314.09,3080880.49,Pan India,4.146160333303964,15.530371888281724,22.313296903460838,252.62738271604937,30.11198643314914
2024-01-13,AD004,Hackathon,YouTube,25–35 Age,66250,4921,871,392,210,51283.71,1495426.01,North India,7.427924528301887,10.421400121926437,17.699654541759806,244.20814285714286,29.1598640191983
2024-01-14,AD004,Hackathon,YouTube,25–35 Age,146445,6570,1466,803,436,60478.27,2107164.39,West India,4.486325924408481,9.20521613394216,22.313546423135463,138.71162844036695,34.84167768026434
2024-01-15,AD004,Hackathon,YouTube,22–27 Age,95097,7359,1754,1030,512,47007.7,2174797.75,South India,7.738414461024007,6.387783666259002,23.834760157630114,91.8119140625,46.26471301510178
2024-01-16,AD004,Hackathon,YouTube,17–21 Age,234993,13461,2316,1322,778,118803.89,3598637.63,South India,5.728255735277221,8.825784859965827,17.20525963895699,152.70422879177377,30.290570704376766
2024-01-17,AD004,Hackathon,YouTube,25–35 Age,72601,4823,859,471,224,65231.88,1540858.24,West India,6.6431591851351905,13.525166908563135,17.810491395397055,291.21375,23.621245317473605
2024-01-18,AD004,Hackathon,YouTube,17–21 Age,64854,3268,774,379,187,29837.69,1134934.72,South India,5.039010700959078,9.130260097919216,23.684210526315788,159.55983957219252,38.03694991133697
2024-01-19,AD004,Hackathon,YouTube,25–35 Age,140767,7435,1316,748,419,134777.68,2166219.39,Pan India,5.28177768937322,18.127462004034967,17.70006724949563,321.665107398568,16.072538049326862
2024-01-20,AD004,Hackathon,YouTube,22–27 Age,102564,4036,954,619,352,51435.05,2739137.65,West India,3.935103935103935,12.744065906838454,23.63726461843409,146.12230113636363,53.25430129843365
2024-01-21,AD004,Hackathon,YouTube,25–35 Age,99366,6149,1025,585,331,39928.53,2041493.6,East India,6.188233399754443,6.493499756057895,16.669377134493413,120.63,51.12869419435176
2024-01-22,AD004,Hackathon,YouTube,17–21 Age,130732,9877,1815,1127,550,65158.43,2707316.61,Pan India,7.555150995930607,6.596985926900881,18.376025108838718,118.46987272727273,41.54975204282853
2024-01-23,AD004,Hackathon,YouTube,22–27 Age,60282,3890,823,440,184,50617.5,1332250.53,East India,6.453004213529743,13.012210796915166,21.15681233933162,275.0951086956522,26.3199591050526
2024-01-24,AD004,Hackathon,YouTube,22–27 Age,227987,9955,2151,1233,739,116682.0,4318918.7,North India,4.366477035971349,11.720944249121045,21.607232546459066,157.8917456021651,37.01443838809757
2024-01-25,AD004,Hackathon,YouTube,22–27 Age,272168,16989,3561,1864,959,166206.38,4449882.89,West India,6.242100467358396,9.783176172817706,20.96062157866855,173.31217935349324,26.773237525539027
2024-01-26,AD004,Hackathon,YouTube,17–21 Age,264817,10684,1820,1080,558,178964.33,2959111.96,North India,4.034484190969613,16.75068607263197,17.034818420067392,320.724605734767,16.534646652771535
2024-01-27,AD004,Hackathon,YouTube,22–27 Age,296970,16468,3817,2120,1220,288391.33,6571498.95,Pan India,5.545341280264,17.512225528297304,23.17828515909643,236.38633606557377,22.786742410044017
2024-01-28,AD004,Hackathon,YouTube,25–35 Age,280154,13508,2070,1200,490,258351.31,2606824.76,West India,4.821633815687086,19.125800266508737,15.324252294936333,527.2475714285714,10.090232404859877
2024-01-29,AD004,Hackathon,YouTube,17–21 Age,246082,9319,1989,960,442,195337.39,2170310.94,East India,3.7869490657585687,20.96119648030905,21.3434917909647,441.9397963800905,11.11057611653355
2024-01-30,AD004,Hackathon,YouTube,25–35 Age,162479,9378,2210,1154,604,157517.73,4429720.09,Pan India,5.771822820179839,16.79651631477927,23.565792279803794,260.7909437086093,28.122041182284683
2024-01-31,AD004,Hackathon,YouTube,22–27 Age,256182,17232,3397,1850,871,212839.26,3579677.63,South India,6.726467901726117,12.351396239554319,19.713324048282267,244.36195177956373,16.81869045212805
2024-02-01,AD004,Hackathon,YouTube,22–27 Age,269710,19961,3100,1479,780,108988.07,2698691.68,South India,7.400912090764154,5.460050598667402,15.530284053905117,139.72829487179487,24.76134938438675
2024-02-02,AD004,Hackathon,YouTube,17–21 Age,85354,4637,948,471,279,39467.1,1069477.66,Pan India,5.432668650561192,8.511343541082596,20.444252749622603,141.45913978494625,27.097953992059207
2024-02-03,AD004,Hackathon,YouTube,17–21 Age,96853,3046,699,327,162,53820.55,868489.67,North India,3.144972277575295,17.66925476034143,22.948128693368353,332.2256172839506,16.136766904091466
2024-02-04,AD004,Hackathon,YouTube,17–21 Age,251547,15827,2989,1925,804,123902.52,5851415.05,West India,6.291865933602865,7.828553737284388,18.885448916408667,154.1076119402985,47.225956744059765
2024-02-05,AD004,Hackathon,YouTube,17–21 Age,189912,12514,2711,1616,890,132682.38,5279956.64,North India,6.589367707148575,10.602715358798147,21.663736614991212,149.08132584269663,39.79395485670365
2024-02-06,AD004,Hackathon,YouTube,25–35 Age,202653,7479,1790,1010,592,93098.57,3172503.59,West India,3.69054492161478,12.447997058430273,23.933680973392164,157.26109797297298,34.07682405862947
2024-02-07,AD004,Hackathon,YouTube,17–21 Age,72831,5085,1192,648,367,65890.34,2806226.91,West India,6.98191704082053,12.95778564405113,23.44149459193707,179.53771117166212,42.58935239975997
2024-02-08,AD004,Hackathon,YouTube,25–35 Age,215776,15117,2292,1195,520,203852.45,3424734.79,East India,7.005876464481685,13.484980485546075,15.1617384401667,392.0239423076923,16.80006686208579
2024-02-09,AD004,Hackathon,YouTube,17–21 Age,72443,3074,557,275,119,67537.92,364638.44,South India,4.243336140137764,21.970696161353285,18.11971372804164,567.5455462184874,5.399017914676674
2024-02-10,AD004,Hackathon,YouTube,25–35 Age,155169,10534,1826,964,488,65548.51,2007650.15,South India,6.7887271297746326,6.222565976836909,17.334345927472945,134.32071721311473,30.628463560804054
2024-02-11,AD004,Hackathon,YouTube,17–21 Age,145600,10817,2620,1253,628,143250.0,3766197.11,Pan India,7.429258241758243,13.24304335767773,24.221133401127855,228.10509554140128,26.29107930191972
2024-02-12,AD004,Hackathon,YouTube,22–27 Age,235449,17901,3572,1970,869,156170.05,3779197.39,East India,7.602920377661404,8.724096419194458,19.954192503212113,179.71237054085154,24.1992455659712
2024-02-13,AD004,Hackathon,YouTube,25–35 Age,92082,5873,1376,740,425,72924.97,2747864.33,North India,6.378010903325297,12.416987910778138,23.429252511493274,171.58816470588235,37.680705662271784
2024-02-14,AD004,Hackathon,YouTube,22–27 Age,69767,4894,1047,585,275,47791.5,2145764.47,Pan India,7.014777760259149,9.76532488761749,21.393543114017163,173.78727272727272,44.89845411841018
2024-02-15,AD004,Hackathon,YouTube,17–21 Age,131440,4550,1063,659,286,119990.61,1990223.55,East India,3.4616555082166767,26.371562637362636,23.36263736263736,419.5475874125874,16.586494143166703
2024-02-16,AD004,Hackathon,YouTube,25–35 Age,281475,14540,2460,1239,519,112654.64,3920124.36,South India,5.165645261568523,7.74791196698762,16.91884456671252,217.0609633911368,34.79771769720271
2024-02-17,AD004,Hackathon,YouTube,17–21 Age,138904,6550,1548,797,435,128170.76,3043168.56,South India,4.715486955019294,19.56805496183206,23.63358778625954,294.6454252873563,23.743079622840657
2024-02-18,AD004,Hackathon,YouTube,25–35 Age,294254,13308,3157,1809,752,251733.22,4143706.82,Pan India,4.522623311832635,18.91593177036369,23.722572888488127,334.7516223404255,16.460707172458207
2024-02-19,AD004,Hackathon,YouTube,17–21 Age,176880,12551,2597,1551,905,165229.22,3242544.96,South India,7.095771144278606,13.164625926221019,20.691578360290016,182.57372375690608,19.624525008349007
2024-02-20,AD004,Hackathon,YouTube,25–35 Age,135158,10392,2062,977,480,101398.32,1965140.43,North India,7.688779058583288,9.757344110854504,19.842186297151652,211.24650000000003,19.380404231549395
2024-02-21,AD004,Hackathon,YouTube,22–27 Age,236532,17823,2773,1664,752,209088.36,2447521.69,Pan India,7.535132667038709,11.731378555798686,15.558547943668295,278.0430319148936,11.705681224913716
2024-02-22,AD004,Hackathon,YouTube,17–21 Age,279307,12903,2336,1311,548,265211.11,3931415.84,North India,4.619647914302184,20.554220723862667,18.104316825544448,483.96187956204375,14.823722279206176
2024-02-23,AD004,Hackathon,YouTube,17–21 Age,51984,2911,604,374,222,27007.8,1729748.62,South India,5.599799938442597,9.277842665750601,20.74888354517348,121.65675675675675,64.04626145039582
2024-02-24,AD004,Hackathon,YouTube,25–35 Age,103947,7149,1414,811,375,55023.96,1623225.67,South India,6.877543363444833,7.6967352077213596,19.778990068541056,146.73056,29.500342578033276
2024-02-25,AD004,Hackathon,YouTube,22–27 Age,61783,3786,675,431,230,48713.0,1095170.86,East India,6.127899260314326,12.86661384046487,17.828843106180667,211.79565217391306,22.48210662451502
2024-02-26,AD004,Hackathon,YouTube,25–35 Age,211522,8146,1649,828,347,139232.0,1343595.62,East India,3.851136052041868,17.092069727473607,20.24306408053032,401.2449567723343,9.650048982992416
2024-02-27,AD004,Hackathon,YouTube,22–27 Age,55880,1910,340,220,103,40730.48,486883.69,South India,3.4180386542591266,21.324858638743457,17.801047120418847,395.44155339805826,11.953792098693656
2024-02-28,AD004,Hackathon,YouTube,17–21 Age,167535,11504,2177,1304,556,110296.86,4174012.5,West India,6.8666248843525235,9.58769645340751,18.92385257301808,198.3756474820144,37.84343906073119
2024-02-29,AD004,Hackathon,YouTube,25–35 Age,206944,15993,2610,1657,747,170089.29,2704688.17,West India,7.728177671254059,10.635233539673608,16.319639842431062,227.6965060240964,15.901578341587527
2024-03-01,AD001,UG Admission,Google Ads,17–21 Age,86043,5121,1032,663,383,84842.24,2067523.93,Pan India,5.951675325128133,16.567514157391134,20.152314001171646,221.5202088772846,24.36903987919225
2024-03-01,AD004,Hackathon,YouTube,22–27 Age,238624,16826,3034,1553,882,121439.76,5523179.95,East India,7.051260560547138,7.217387376678949,18.031617734458578,137.68680272108844,45.480820696615346
2024-03-02,AD001,UG Admission,Google Ads,17–21 Age,106383,8132,1989,1180,597,68120.59,4167141.49,South India,7.644078471184305,8.37685563207083,24.458927693064435,114.10484087102176,61.173009364716314
2024-03-02,AD004,Hackathon,YouTube,25–35 Age,137353,10177,1561,926,440,62507.3,2300981.91,Pan India,7.409375841809061,6.142016311290164,15.338508401297043,142.06204545454545,36.811410987196695
2024-03-03,AD001,UG Admission,Google Ads,17–21 Age,190183,9911,2343,1331,712,170515.0,2633312.2,North India,5.211296488119338,17.204621128039552,23.640399556048834,239.4873595505618,15.443287687300238
2024-03-03,AD004,Hackathon,YouTube,17–21 Age,248339,16962,3496,1806,789,175686.4,2908345.21,East India,6.830179714019949,10.357646503950006,20.610777031010493,222.66970849176172,16.554185241430186
2024-03-04,AD001,UG Admission,Google Ads,17–21 Age,151825,7293,1728,1114,497,76965.64,3527269.49,West India,4.803556726494319,10.553358014534485,23.69395310571781,154.8604426559356,45.82914518738492
2024-03-04,AD004,Hackathon,YouTube,17–21 Age,56983,2037,418,208,123,53251.91,737803.26,Pan India,3.574750364143692,26.14232204221895,20.520373097692683,432.9423577235773,13.854963324320197
2024-03-05,AD001,UG Admission,Google Ads,17–21 Age,70110,3013,750,468,238,52948.0,1892177.59,South India,4.297532449008701,17.57318287421175,24.892134085628943,222.47058823529412,35.736526214399035
2024-03-05,AD004,Hackathon,YouTube,22–27 Age,161034,5095,881,462,224,84019.32,923164.11,South India,3.163928114559658,16.490543670264966,17.291462217860648,375.08625,10.98752179855776
2024-03-06,AD001,UG Admission,Google Ads,17–21 Age,127872,7698,1526,763,381,116041.16,2303108.01,Pan India,6.0200825825825826,15.074195895037672,19.82333073525591,304.56997375328086,19.847337013866458
2024-03-06,AD004,Hackathon,YouTube,17–21 Age,207444,12055,2103,1256,542,112399.62,2091662.03,North India,5.811206879929041,9.323900456242223,17.445043550394026,207.37937269372694,18.60915570711004
2024-03-07,AD001,UG Admission,Google Ads,17–21 Age,125458,8435,1509,693,366,66260.18,2398363.29,West India,6.723365588483795,7.855385892116182,17.889745109662123,181.03874316939888,36.1961481239562
2024-03-07,AD004,Hackathon,YouTube,25–35 Age,125186,5438,1013,516,288,70257.17,1655474.48,East India,4.343936222900324,12.919670834865759,18.628172122103713,243.94850694444443,23.563068082588583
2024-03-08,AD001,UG Admission,Google Ads,17–21 Age,52749,3113,594,267,132,47097.46,644765.61,West India,5.90153367836357,15.129283649212978,19.081272084805654,356.7989393939394,13.69002935614787
2024-03-08,AD004,Hackathon,YouTube,17–21 Age,153379,7139,1663,957,429,102014.36,1463624.77,South India,4.654483338657835,14.289726852500351,23.294579072699257,237.79571095571094,14.34724258427931
2024-03-09,AD001,UG Admission,Google Ads,17–21 Age,55614,3540,572,343,154,36078.71,646246.86,North India,6.3653037005070665,10.191725988700565,16.158192090395477,234.27733766233766,17.912138765493555
2024-03-09,AD004,Hackathon,YouTube,17–21 Age,123685,8520,2108,1010,406,122048.41,1454477.2,South India,6.888466669361685,14.32493075117371,24.741784037558688,300.6118472906404,11.917215472122905
2024-03-10,AD001,UG Admission,Google Ads,17–21 Age,160586,9019,1457,790,427,118320.36,2536804.91,North India,5.6163052819050225,13.119010976826699,16.154784344162323,277.0968618266979,21.440138535751583
2024-03-10,AD004,Hackathon,YouTube,25–35 Age,226639,12635,2302,1218,650,199476.34,3964941.02,Pan India,5.574945177131915,15.787601108033241,18.219232291254453,306.8866769230769,19.87674839031035
2024-03-11,AD001,UG Admission,Google Ads,17–21 Age,73407,5606,883,498,256,70482.99,1018845.71,West India,7.6368738676148045,12.572777381377097,15.750981091687477,275.3241796875,14.45519990000424
2024-03-11,AD004,Hackathon,YouTube,22–27 Age,213309,8042,1913,1209,533,164269.5,4063881.15,North India,3.7701175290306552,20.426448644615768,23.78761502113902,308.19793621013133,24.739109512112716
2024-03-12,AD001,UG Admission,Google Ads,17–21 Age,216597,15507,2335,1445,726,192461.62,2305973.39,North India,7.159378938766466,12.411273618365898,15.057715870252144,265.09865013774106,11.981471370759532
2024-03-12,AD004,Hackathon,YouTube,25–35 Age,226506,7970,1292,750,420,175994.8,2066586.58,Pan India,3.5186705870926156,22.08215809284818,16.210790464240905,419.03523809523807,11.742316136613129
2024-03-13,AD001,UG Admission,Google Ads,17–21 Age,175194,5344,957,551,261,169204.3,976767.04,West India,3.050332773953446,31.66248128742515,17.90793413173653,648.292337164751,5.7727081403959595
2024-03-13,AD004,Hackathon,YouTube,22–27 Age,185895,10159,1559,796,319,152446.61,2203003.63,East India,5.464912988515022,15.006064573284771,15.345998621911605,477.8890595611285,14.450984708679321
2024-03-14,AD001,UG Admission,Google Ads,17–21 Age,188495,10549,1800,1004,441,182807.04,2268459.24,West India,5.596434918698109,17.329324106550384,17.06322874206086,414.5284353741497,12.409036544763266
2024-03-14,AD004,Hackathon,YouTube,22–27 Age,61348,4749,863,560,278,41334.61,2016292.77,Pan India,7.741083653908848,8.703855548536534,18.17224678879764,148.6856474820144,48.77977002807091
2024-03-15,AD001,UG Admission,Google Ads,17–21 Age,100344,8008,1473,816,424,77929.71,1344335.07,East India,7.980546918600016,9.731482267732268,18.394105894105895,183.7964858490566,17.250610453959087
2024-03-15,AD004,Hackathon,YouTube,22–27 Age,194652,12957,2628,1452,793,188268.91,5847270.23,East India,6.656494667406449,14.530285559928997,20.282472794628386,237.4135056746532,31.05807660967496
2024-03-16,AD001,UG Admission,Google Ads,17–21 Age,275868,10436,1877,1023,453,133644.66,2895845.33,West India,3.782968666173677,12.806119202759678,17.98581832119586,295.0213245033113,21.66824570469183
2024-03-16,AD004,Hackathon,YouTube,22–27 Age,144241,6954,1273,706,292,70141.8,1034342.01,East India,4.82109802344687,10.086540120793789,18.30601092896175,240.21164383561646,14.746442349640299
2024-03-17,AD001,UG Admission,Google Ads,17–21 Age,292584,23331,3605,1899,921,169598.15,3162278.82,West India,7.9741202526453945,7.269219064763619,15.45154515451545,184.1456568946797,18.645715298191636
2024-03-17,AD004,Hackathon,YouTube,25–35 Age,117460,8173,1756,887,365,93791.14,1580107.16,South India,6.9581134003064875,11.47572984216322,21.485378685917045,256.9620273972603,16.84708342387138
2024-03-18,AD001,UG Admission,Google Ads,17–21 Age,160356,10619,2317,1167,687,89639.34,4671783.2,South India,6.622140736860485,8.441410678971653,21.819380355965723,130.4793886462882,52.11755463616756
2024-03-18,AD004,Hackathon,YouTube,17–21 Age,58163,3769,797,395,178,25554.54,1293768.14,North India,6.480064645908912,6.780191032104007,21.146192624038207,143.56483146067416,50.62772172772431
2024-03-19,AD001,UG Admission,Google Ads,17–21 Age,172256,8896,2048,985,576,152568.15,1915389.82,East India,5.164406464796581,17.1501967176259,23.021582733812952,264.87526041666666,12.554322904223458
2024-03-19,AD004,Hackathon,YouTube,17–21 Age,258133,14755,2438,1536,617,103655.55,4524608.51,South India,5.716045604397733,7.025113520840393,16.523212470349034,167.99927066450567,43.65042209510248
2024-03-20,AD001,UG Admission,Google Ads,17–21 Age,203648,8947,1995,1108,625,126623.75,3738989.85,South India,4.393365021998743,14.152648932603107,22.29797697552252,202.598,29.528345590775825
2024-03-20,AD004,Hackathon,YouTube,22–27 Age,219527,10693,1929,990,415,203424.0,2119680.17,South India,4.870927038587509,19.024034415037875,18.03983914710558,490.17831325301205,10.420010274107282
2024-03-21,AD001,UG Admission,Google Ads,17–21 Age,85480,4749,1166,617,295,77652.63,1845721.68,North India,5.555685540477304,16.35136449778901,24.552537376289745,263.22925423728816,23.768952577652552
2024-03-21,AD004,Hackathon,YouTube,17–21 Age,284030,14236,2183,1152,592,262334.25,2663779.71,North India,5.012146604231947,18.427525288002247,15.334363585276764,443.13217905405406,10.154143845113628
2024-03-22,AD001,UG Admission,Google Ads,17–21 Age,298776,13733,2795,1309,703,212229.85,5350895.6,West India,4.596420060513562,15.454004951576495,20.352435738731522,301.8916785206259,25.212737981956824
2024-03-22,AD004,Hackathon,YouTube,22–27 Age,64434,3679,729,397,235,59041.52,1242049.05,Pan India,5.709718471614365,16.04825224245719,19.815167164990484,251.24051063829785,21.036874558785073
2024-03-23,AD001,UG Admission,Google Ads,17–21 Age,245366,12959,2802,1515,836,241060.05,6091993.93,North India,5.281497844037071,18.60174782004784,21.62203873755691,288.34934210526313,25.271686162846144
2024-03-23,AD004,Hackathon,YouTube,25–35 Age,53724,1683,344,159,73,49801.33,513709.91,South India,3.1326781326781328,29.59080808080808,20.439691027926322,682.21,10.315184554308086
2024-03-24,AD001,UG Admission,Google Ads,17–21 Age,240769,8468,1835,987,400,145335.12,2921642.34,South India,3.5170640738633296,17.162862541332075,21.669815777042984,363.3378,20.10279648855693
2024-03-24,AD004,Hackathon,YouTube,17–21 Age,79876,4171,757,434,226,75946.35,1660035.68,North India,5.221843857979868,18.208187485015586,18.1491249100935,336.04579646017703,21.858004762572524
2024-03-25,AD001,UG Admission,Google Ads,17–21 Age,122186,5865,1463,777,313,54949.89,1100080.07,South India,4.800058926554597,9.36912020460358,24.944586530264278,175.55875399361022,20.01969558082828
2024-03-25,AD004,Hackathon,YouTube,17–21 Age,199247,9891,2264,1217,616,105185.38,4785145.21,East India,4.964190176012688,10.634453543625519,22.889495500960468,170.75548701298703,45.49249344348045
2024-03-26,AD001,UG Admission,Google Ads,17–21 Age,274044,13557,2893,1644,828,131707.58,6173759.68,North India,4.947015807680518,9.715097735487202,21.339529394408792,159.06712560386472,46.874748438928115
2024-03-26,AD004,Hackathon,YouTube,22–27 Age,244500,9131,2098,1346,655,146175.82,3464551.93,East India,3.734560327198364,16.00874164932647,22.976672872631696,223.16919083969466,23.701265571829868
2024-03-27,AD001,UG Admission,Google Ads,17–21 Age,75569,3044,699,363,210,43169.18,954211.72,Pan India,4.0281067633553445,14.181727989487516,22.963206307490143,205.5675238095238,22.10400382865739
2024-03-27,AD004,Hackathon,YouTube,17–21 Age,62090,3649,636,301,174,58686.75,569195.34,South India,5.876952810436463,16.082967936420935,17.429432721293505,337.2801724137931,9.69887308464006
2024-03-28,AD001,UG Admission,Google Ads,17–21 Age,151614,5544,1000,552,221,66293.7,838838.11,South India,3.6566543986703075,11.957738095238094,18.037518037518037,299.97149321266966,12.653360877428776
2024-03-28,AD004,Hackathon,YouTube,17–21 Age,275576,19381,2993,1920,883,152033.82,2850575.87,Pan India,7.032905623131187,7.8444775811361644,15.442959599607864,172.178731596829,18.749616828676672
2024-03-29,AD001,UG Admission,Google Ads,17–21 Age,128767,7454,1142,540,253,99239.26,960812.07,West India,5.7887502232714905,13.313557821303997,15.320633217064664,392.2500395256917,9.681773826205475
2024-03-29,AD004,Hackathon,YouTube,25–35 Age,94022,2854,695,411,192,58116.78,1323997.7,North India,3.0354597860075305,20.363272599859844,24.351786965662228,302.6915625,22.781676823802005
2024-03-30,AD001,UG Admission,Google Ads,17–21 Age,168427,7496,1354,707,399,121004.62,2780010.07,North India,4.450592838440393,16.14255869797225,18.062966915688367,303.26972431077695,22.974412629864876
2024-03-30,AD004,Hackathon,YouTube,17–21 Age,153437,5657,1049,519,211,147977.24,1161334.2,East India,3.6868551913814787,26.158253491249777,18.54339756054446,701.3139336492891,7.848059607004429
2024-03-31,AD001,UG Admission,Google Ads,17–21 Age,80636,5687,1072,607,344,59284.93,2288813.48,East India,7.0526811845825685,10.424640407947951,18.85000879198171,172.33991279069767,38.60700316252377
2024-03-31,AD004,Hackathon,YouTube,25–35 Age,158630,4927,822,475,264,141499.38,1140875.76,East India,3.1059698669860683,28.719175969149585,16.683580271970776,535.9825000000001,8.062761547082397
2024-04-01,AD001,UG Admission,Google Ads,17–21 Age,186499,6536,1354,621,368,85229.02,2637713.85,West India,3.504576432045212,13.039935740514077,20.716034271725825,231.60059782608695,30.948541353637527
2024-04-02,AD001,UG Admission,Google Ads,17–21 Age,280440,19647,3222,1784,885,254339.0,4246093.25,North India,7.005776636713736,12.945436962386115,16.399450297755383,287.38870056497177,16.694621155229832
2024-04-03,AD001,UG Admission,Google Ads,17–21 Age,79911,2837,458,283,153,34959.15,584662.54,South India,3.55019959705172,12.322576665491717,16.143813887909765,228.49117647058824,16.72416348795666
2024-04-04,AD001,UG Admission,Google Ads,17–21 Age,274653,14146,2816,1386,561,208104.41,3892837.87,West India,5.150498993275151,14.711184080305387,19.906687402799378,370.95260249554366,18.706176721579325
2024-04-05,AD001,UG Admission,Google Ads,17–21 Age,165340,10645,1684,807,389,129203.32,3018743.31,West India,6.438248457723479,12.137465476749648,15.819633630812588,332.1422107969152,23.364285917730285
2024-04-06,AD001,UG Admission,Google Ads,17–21 Age,282778,15067,2772,1717,949,219848.01,5156798.93,West India,5.328207993549711,14.591359261963232,18.397823057012015,231.662813487882,23.45620017210981
2024-04-07,AD001,UG Admission,Google Ads,17–21 Age,285987,22561,5121,2466,1091,146348.42,3872314.53,Pan India,7.88882012119432,6.486787819688844,22.698461947608706,134.14153987167737,26.459558155803798
2024-04-08,AD001,UG Admission,Google Ads,17–21 Age,200034,14443,3338,1578,716,189341.96,5411518.93,Pan India,7.220272553665877,13.109600498511389,23.11154192342311,264.4440782122905,28.5806639479173
2024-04-09,AD001,UG Admission,Google Ads,17–21 Age,114098,4796,979,559,277,95244.65,1500707.12,Pan India,4.203404091219828,19.859184737281065,20.412844036697248,343.84350180505413,15.756340329876798
2024-04-10,AD001,UG Admission,Google Ads,17–21 Age,230730,8044,1273,591,285,100417.85,2085502.25,North India,3.486326008754822,12.483571606166088,15.825459970164097,352.34333333333336,20.76824239913521
2024-04-11,AD001,UG Admission,Google Ads,17–21 Age,221570,12355,2256,1301,521,200217.89,2522440.58,Pan India,5.5761159001669895,16.205414002428167,18.259813840550386,384.29537428023036,12.598477488699935
2024-04-12,AD001,UG Admission,Google Ads,17–21 Age,241871,18824,3533,2181,917,126584.31,7087676.71,South India,7.782661005246598,6.72462335316617,18.76859328516787,138.04177753544167,55.99174739744602
2024-04-13,AD001,UG Admission,Google Ads,17–21 Age,288853,12032,2732,1717,785,202094.55,2398171.83,East India,4.165440552807137,16.796422041223405,22.706117021276594,257.4452866242038,11.86658338881479
2024-04-14,AD001,UG Admission,Google Ads,17–21 Age,213540,14462,3456,1678,696,108897.67,3431908.04,West India,6.772501639037183,7.529917715392062,23.897109666712765,156.4621695402299,31.514981358187004
2024-04-15,AD001,UG Admission,Google Ads,17–21 Age,72233,3762,590,318,184,57707.1,1314021.37,West India,5.208145861309927,15.339473684210526,15.683147262094629,313.62554347826085,22.770532048915992
2024-04-16,AD001,UG Admission,Google Ads,17–21 Age,167205,5074,1208,604,322,115667.4,2387204.39,West India,3.0345982476600577,22.79609775325187,23.807646826960976,359.21552795031056,20.638523819157346
2024-04-17,AD001,UG Admission,Google Ads,17–21 Age,234584,15677,3010,1913,842,190234.63,4025666.51,West India,6.682893974013574,12.134632263825987,19.200102060343177,225.931864608076,21.16158614233381
2024-04-18,AD001,UG Admission,Google Ads,17–21 Age,50267,3518,817,515,226,39781.59,893338.11,West India,6.998627330057492,11.308013075611141,23.223422399090392,176.02473451327432,22.456068498016297
2024-04-19,AD001,UG Admission,Google Ads,17–21 Age,147737,9789,2427,1461,710,115882.02,4999994.77,South India,6.62596370577445,11.837983450812137,24.793135151700888,163.21411267605635,43.14728695616455
2024-04-20,AD001,UG Admission,Google Ads,17–21 Age,103945,5827,1089,686,290,45623.84,1291459.42,South India,5.605849247198037,7.8297305646130075,18.68886219323837,157.32358620689655,28.306679578045163
2024-04-21,AD001,UG Admission,Google Ads,17–21 Age,180309,13125,2445,1328,595,107078.07,4718406.56,South India,7.279170756867377,8.158329142857143,18.628571428571426,179.96314285714286,44.065106515274316
2024-04-22,AD001,UG Admission,Google Ads,17–21 Age,165998,7203,1295,834,489,155076.27,3804206.8,South India,4.339208906131399,21.529400249895875,17.978620019436345,317.12938650306745,24.53119874497884
2024-04-23,AD001,UG Admission,Google Ads,17–21 Age,204547,9363,1756,1126,509,150706.37,2219931.49,Pan India,4.577432081624272,16.095948947986756,18.754672647655664,296.08324165029467,14.730176899622759
2024-04-24,AD001,UG Admission,Google Ads,17–21 Age,124784,7174,1288,783,351,103744.92,1765941.04,Pan India,5.749134504423644,14.461237803178143,17.953721773069418,295.56957264957265,17.021951918224044
2024-04-25,AD001,UG Admission,Google Ads,17–21 Age,132967,10361,1745,990,467,65512.99,1832026.4,Pan India,7.792158956733626,6.323037351606987,16.842003667599652,140.28477516059957,27.96432280071479
2024-04-26,AD001,UG Admission,Google Ads,17–21 Age,260506,13356,3163,1998,854,256268.15,4686283.68,West India,5.126945252700513,19.18749251272836,23.682240191674154,300.07980093676815,18.286641082787696
2024-04-27,AD001,UG Admission,Google Ads,17–21 Age,229208,9355,2081,1043,469,178259.19,2674523.87,Pan India,4.081445673798472,19.05496419027258,22.244788882950296,380.0835607675906,15.003567950690229
2024-04-28,AD001,UG Admission,Google Ads,17–21 Age,171241,7348,1294,719,302,85665.34,1939708.81,West India,4.2910284336111095,11.658320631464344,17.610234077299946,283.66006622516556,22.64286594788511
2024-04-29,AD001,UG Admission,Google Ads,17–21 Age,161956,10797,1786,1036,542,150183.86,2235498.12,East India,6.666625503223098,13.909776789849031,16.5416319347967,277.09199261992615,14.885075666586278
2024-04-30,AD001,UG Admission,Google Ads,17–21 Age,61492,4436,909,457,244,50083.82,751942.31,West India,7.213946529629871,11.290311091073038,20.491433724075744,205.26155737704917,15.013677271422189
2024-05-01,AD001,UG Admission,Google Ads,17–21 Age,203882,9925,2110,963,504,181726.55,3279195.9,South India,4.868011889230045,18.309979848866497,21.259445843828715,360.56855158730156,18.04467151332593
2024-05-02,AD001,UG Admission,Google Ads,17–21 Age,52572,2746,633,286,115,31495.18,721471.98,West India,5.223312790078369,11.469475600873999,23.0517115804807,273.87113043478263,22.90737757333027
2024-05-03,AD001,UG Admission,Google Ads,17–21 Age,182398,9821,2358,1144,659,117138.56,4142036.47,Pan India,5.384379214684372,11.927355666429081,24.00977497199878,177.75198786039454,35.36014502824689
2024-05-04,AD001,UG Admission,Google Ads,17–21 Age,291292,19445,3115,1736,1028,264152.72,6279650.61,South India,6.675432212350493,13.584608896888659,16.019542298791464,256.9578988326848,23.77280313448978
2024-05-05,AD001,UG Admission,Google Ads,17–21 Age,209896,11020,2016,1282,676,134786.32,5166291.92,West India,5.250219156153523,12.231063520871144,18.294010889292196,199.38804733727812,38.32949753357759
2024-05-06,AD001,UG Admission,Google Ads,17–21 Age,212729,11086,2540,1442,785,148219.13,2403528.22,Pan India,5.211325207188489,13.3699377593361,22.911780624210717,188.81417834394904,16.216045931452978
2024-05-07,AD001,UG Admission,Google Ads,17–21 Age,53575,1779,383,198,83,31495.13,562987.04,South India,3.3205786280914604,17.703839235525578,21.52894884766723,379.45939759036145,17.87536803308956
2024-05-08,AD001,UG Admission,Google Ads,17–21 Age,77717,5458,1240,600,252,39733.88,1374432.65,North India,7.022916479020035,7.279934041773543,22.718944668376693,157.67412698412699,34.59094983928073
2024-05-09,AD001,UG Admission,Google Ads,17–21 Age,254812,8231,1789,905,508,214463.0,3712872.07,Pan India,3.2302246362023763,26.05552180779978,21.734904628842184,422.1712598425197,17.31241319015401
2024-05-10,AD001,UG Admission,Google Ads,17–21 Age,159338,8621,1987,1010,560,121166.88,2837406.55,Pan India,5.410510989217889,14.054852105324208,23.04837025867069,216.36942857142859,23.417344327096643
2024-05-11,AD001,UG Admission,Google Ads,17–21 Age,107691,5395,912,434,235,50972.7,1299358.1,North India,5.009703689259084,9.448137164040778,16.904541241890637,216.90510638297872,25.49125512284027
2024-05-12,AD001,UG Admission,Google Ads,17–21 Age,150217,9087,1717,921,420,84200.07,2218829.95,North India,6.04924875346998,9.265992076592935,18.89512490370859,200.47635714285715,26.35187773596863
2024-05-13,AD001,UG Admission,Google Ads,17–21 Age,227093,11820,2504,1225,522,192460.38,2362547.82,North India,5.20491604761045,16.282604060913705,21.184433164128595,368.6980459770115,12.275502209857425
2024-05-14,AD001,UG Admission,Google Ads,17–21 Age,212823,12602,1904,1005,425,107267.35,1912334.83,West India,5.921352485398665,8.511930645929217,15.108712902713856,252.39376470588238,17.827743763596285
2024-05-15,AD001,UG Admission,Google Ads,17–21 Age,129087,4033,640,346,198,101205.53,1581964.16,West India,3.124249537133871,25.09435407884949,15.869080089263576,511.1390404040404,15.631202761351084
2024-05-16,AD001,UG Admission,Google Ads,17–21 Age,95904,4183,667,322,147,66125.77,751735.0,North India,4.361653319986654,15.808216590963424,15.945493664833851,449.83517006802725,11.368260815715264
2024-05-17,AD001,UG Admission,Google Ads,17–21 Age,135876,8214,1729,909,441,85485.01,2700293.92,Pan India,6.045217698489799,10.407232773313854,21.04942780618456,193.84356009070294,31.587923075636304
2024-05-18,AD001,UG Admission,Google Ads,17–21 Age,280625,14687,2934,1372,655,191298.55,3980786.43,Pan India,5.233674832962138,13.025025532784094,19.976850275754067,292.058854961832,20.809287001914026
2024-05-19,AD001,UG Admission,Google Ads,17–21 Age,99328,5165,1149,717,314,59406.59,1218839.81,Pan India,5.199943621134021,11.501759922555662,22.245885769603095,189.19296178343947,20.516912517617996
2024-05-20,AD001,UG Admission,Google Ads,17–21 Age,144094,11075,2057,1117,577,118500.5,3178344.45,North India,7.68595500159618,10.69981941309255,18.57336343115124,205.3734835355286,26.821358981607673
2024-05-21,AD001,UG Admission,Google Ads,17–21 Age,257103,13993,3038,1674,939,151753.51,5715057.08,South India,5.44256581992431,10.844958908025442,21.710855427713856,161.61183173588924,37.66013109021333
2024-05-22,AD001,UG Admission,Google Ads,17–21 Age,209828,14119,2701,1585,667,164161.53,3749676.3,North India,6.7288445774634456,11.626994121396699,19.130250017706636,246.11923538230883,22.841382509044596
2024-05-23,AD001,UG Admission,Google Ads,17–21 Age,218859,11905,1854,941,482,120754.52,1563740.44,East India,5.439575251646037,10.14317681646367,15.573288534229315,250.52804979253114,12.949746643024211
2024-05-24,AD001,UG Admission,Google Ads,17–21 Age,210510,12742,2399,1408,810,182684.18,6159533.63,West India,6.052919101230345,14.337166849788101,18.827499607596923,225.53602469135802,33.71684198379958
2024-05-25,AD001,UG Admission,Google Ads,17–21 Age,112134,3488,542,286,159,76411.33,520844.26,North India,3.110564146467619,21.906918004587155,15.538990825688073,480.5744025157233,6.8163223961682124
2024-05-26,AD001,UG Admission,Google Ads,17–21 Age,167323,6870,1386,656,339,154889.76,2689431.95,West India,4.105831236590307,22.545816593886464,20.17467248908297,456.9019469026549,17.3635232567989
2024-05-27,AD001,UG Admission,Google Ads,17–21 Age,71573,3385,572,368,169,37172.3,1300602.63,South India,4.729437078227823,10.981477104874447,16.89807976366322,219.9544378698225,34.988489547324214
2024-05-28,AD001,UG Admission,Google Ads,17–21 Age,157823,9513,2121,1051,506,109850.41,3668863.75,South India,6.0276385571177835,11.547399348260276,22.29580573951435,217.0956719367589,33.39872604936112
2024-05-29,AD001,UG Admission,Google Ads,17–21 Age,170857,13220,2821,1398,619,96132.33,4551261.95,North India,7.737464663431994,7.271734493192133,21.338880484114977,155.30263327948305,47.343718289154126
2024-05-30,AD001,UG Admission,Google Ads,17–21 Age,286098,8605,1496,757,307,284695.91,2297719.94,North India,3.0077106446042965,33.08494015107495,17.385241138872747,927.3482410423452,8.070786615796484
2024-05-31,AD001,UG Admission,Google Ads,17–21 Age,179655,7512,1329,827,420,177940.53,2774452.44,South India,4.181347582867162,23.687503993610225,17.691693290734825,423.66792857142855,15.592020772333319
2024-06-01,AD001,UG Admission,Google Ads,17–21 Age,200920,10462,2244,1338,750,142412.11,4242470.36,West India,5.207047581126817,13.612321735805772,21.449053718218313,189.8828133333333,29.790095519264483
2024-06-02,AD001,UG Admission,Google Ads,17–21 Age,277733,19722,3356,1999,1087,267369.15,6633449.5,East India,7.101064691628291,13.556898387587466,17.01652976371565,245.96977920883168,24.810078126066525
2024-06-03,AD001,UG Admission,Google Ads,17–21 Age,163525,6314,1573,794,445,161244.1,2892185.32,East India,3.8611833053049995,25.53755147291733,24.912891986062718,362.34629213483146,17.93668928041398
2024-06-04,AD001,UG Admission,Google Ads,17–21 Age,57200,2876,542,295,144,40656.16,1131479.57,North India,5.027972027972028,14.136356050069542,18.845618915159946,282.33444444444444,27.830458410238446
2024-06-05,AD001,UG Admission,Google Ads,17–21 Age,138496,6165,1152,534,238,78355.93,1666242.27,West India,4.451392097966728,12.70980210867802,18.686131386861312,329.22659663865545,21.26504362847841
2024-06-06,AD001,UG Admission,Google Ads,17–21 Age,173098,12987,2605,1205,678,171934.55,4701884.7,East India,7.502686339530208,13.238973588973588,20.058520058520056,253.59078171091443,27.346945102075182
2024-06-07,AD001,UG Admission,Google Ads,17–21 Age,132867,6166,1353,871,423,110775.88,1886619.18,North India,4.64073095652043,17.965598443074928,21.942912747324034,261.8815130023641,17.030956377868538
2024-06-08,AD001,UG Admission,Google Ads,17–21 Age,78405,5902,1106,584,309,59265.23,1624992.95,Pan India,7.5275811491614055,10.041550321924772,18.739410369366315,191.79686084142395,27.418993396296614
2024-06-09,AD001,UG Admission,Google Ads,17–21 Age,123612,8089,1527,775,424,113946.27,3146851.09,Pan India,6.543863055366793,14.08657065150204,18.87748794659414,268.7412028301887,27.616973245372577
2024-06-10,AD001,UG Admission,Google Ads,17–21 Age,195933,8997,1665,915,447,189378.11,2736847.83,North India,4.591875794276615,21.049028565077247,18.50616872290764,423.6646756152125,14.45176440930792
2024-06-11,AD001,UG Admission,Google Ads,17–21 Age,107645,6490,1396,669,394,64452.16,2150210.51,South India,6.029077058850852,9.930995377503853,21.51001540832049,163.58416243654824,33.36134134216758
2024-06-12,AD001,UG Admission,Google Ads,17–21 Age,126990,3967,640,342,195,78557.41,817559.85,South India,3.1238680211040237,19.802724981094027,16.13309805898664,402.85851282051283,10.407164009098569
2024-06-13,AD001,UG Admission,Google Ads,17–21 Age,173173,6384,1547,788,399,127532.25,2683477.69,East India,3.686486923481143,19.976856203007518,24.232456140350877,319.6296992481203,21.041561565800023
2024-06-14,AD001,UG Admission,Google Ads,17–21 Age,267033,20262,3713,2404,1299,216742.23,7943328.02,Pan India,7.587826223725158,10.696981048267693,18.32494324351002,166.85314087759815,36.648732552027354
2024-06-15,AD001,UG Admission,Google Ads,17–21 Age,132726,7918,1387,700,353,57062.19,1916053.2,East India,5.965673643445896,7.206641828744633,17.517049760040415,161.64926345609067,33.57833269280411
2024-06-16,AD001,UG Admission,Google Ads,17–21 Age,251270,9386,1500,689,349,244867.93,2427243.89,North India,3.735424045847097,26.088635201363733,15.981248668229279,701.6273065902578,9.912461341916028
2024-06-17,AD001,UG Admission,Google Ads,17–21 Age,207125,16396,3081,1427,767,130264.98,5214044.04,West India,7.915992757996379,7.944924371797999,18.791168577701878,169.83700130378097,40.02644486645605
2024-06-18,AD001,UG Admission,Google Ads,17–21 Age,224667,15878,3948,2098,1224,195773.85,4343632.79,East India,7.06734856476474,12.329880967376244,24.86459251794936,159.94595588235293,22.186991725401526
2024-06-19,AD001,UG Admission,Google Ads,17–21 Age,295874,20384,3505,2023,974,195140.62,5500364.7,East India,6.889419144635893,9.573225078492936,17.194858712715856,200.34971252566734,28.186672257165117
2024-06-20,AD001,UG Admission,Google Ads,17–21 Age,205409,7026,1119,706,423,175824.96,1322998.03,Pan India,3.4204927729554204,25.024901793339026,15.9265584970111,415.6618439716312,7.524517736275897
2024-06-21,AD001,UG Admission,Google Ads,17–21 Age,189047,7231,1473,846,469,149311.23,2655170.75,North India,3.8249747417308924,20.648766422348224,20.370626469368,318.36083155650323,17.782793363901696
2024-06-22,AD001,UG Admission,Google Ads,17–21 Age,174907,8495,2121,1059,425,134700.51,2590998.61,North India,4.856866792066642,15.856446144791054,24.967628016480283,316.9423764705883,19.235254640090076
2024-06-23,AD001,UG Admission,Google Ads,17–21 Age,176167,10868,1936,1164,627,121892.02,4751275.42,East India,6.1691463213882285,11.21568089804932,17.813765182186234,194.4051355661882,38.979380438522554
2024-06-24,AD001,UG Admission,Google Ads,17–21 Age,170905,8986,2123,1289,772,77320.5,3546992.04,Pan India,5.257891811240163,8.604551524593813,23.62563988426441,100.15608808290155,45.87388907210895
2024-06-25,AD001,UG Admission,Google Ads,17–21 Age,92195,6158,1102,514,217,53344.57,1158159.81,West India,6.679321004392863,8.662645339395908,17.895420591101008,245.82751152073732,21.710922217575284
2024-06-26,AD001,UG Admission,Google Ads,17–21 Age,144589,11439,2189,1146,674,93882.94,3774177.24,Pan India,7.911390216406504,8.20726811784247,19.13628813707492,139.29219584569734,40.20088463356601
2024-06-27,AD001,UG Admission,Google Ads,17–21 Age,218634,13467,2852,1603,838,196856.04,2571768.14,North India,6.159609209912457,14.617660948986412,21.177693621445016,234.91174224343678,13.064207427925503
2024-06-28,AD001,UG Admission,Google Ads,17–21 Age,224017,17218,3927,2217,1085,145416.06,7154154.91,North India,7.686023828548725,8.445583691485654,22.80752700662098,134.02401843317972,49.197832137660725
2024-06-29,AD001,UG Admission,Google Ads,17–21 Age,99562,5277,1146,694,296,73478.7,920163.38,North India,5.300214941443523,13.924332006822057,21.716884593519044,248.23885135135134,12.522858733211121
2024-06-30,AD001,UG Admission,Google Ads,17–21 Age,247894,9939,2312,1356,632,174102.28,4208262.52,West India,4.009374974787611,17.517082201428714,23.261897575208774,275.4782911392405,24.17120855625785
2024-07-01,AD001,UG Admission,Google Ads,17–21 Age,189966,6959,1711,797,357,128422.24,2524973.42,South India,3.6632871145362853,18.454122718781434,24.586865929012788,359.72616246498603,19.661496482229246
2024-07-02,AD001,UG Admission,Google Ads,17–21 Age,290368,17043,2956,1912,1082,182544.6,3348574.79,South India,5.869448424068768,10.71082555888048,17.344364255119405,168.71035120147874,18.343872072907114
2024-07-03,AD001,UG Admission,Google Ads,17–21 Age,98624,5398,1025,555,234,58644.23,1605697.96,East India,5.473312783906554,10.864066320859578,18.988514264542424,250.61636752136752,27.380323008759767
2024-07-04,AD001,UG Admission,Google Ads,17–21 Age,185544,8967,1881,974,497,143891.23,2013575.82,North India,4.832815935842711,16.04675253708041,20.976915356306456,289.51957746478877,13.993735545939805
2024-07-05,AD001,UG Admission,Google Ads,17–21 Age,64345,2893,673,399,231,58397.08,1512057.86,East India,4.4960758411687,20.185648116142413,23.26304873833391,252.80121212121213,25.892696347146124
2024-07-06,AD001,UG Admission,Google Ads,17–21 Age,260059,15459,2859,1616,748,238169.83,3760809.01,Pan India,5.944420304623182,15.406548289022576,18.494081117795456,318.4088636363636,15.790450914794707
2024-07-07,AD001,UG Admission,Google Ads,17–21 Age,272679,12573,2386,1298,669,125239.22,4864239.68,East India,4.610916132155392,9.960965561123041,18.97717330788197,187.20361733931242,38.839587790470105
2024-07-08,AD001,UG Admission,Google Ads,17–21 Age,248350,16741,2897,1713,861,217164.85,3498930.88,Pan India,6.7408898731628755,12.972035720685742,17.30482050056747,252.2239837398374,16.111865617294878
2024-07-09,AD001,UG Admission,Google Ads,17–21 Age,177393,7806,1826,1016,471,138014.22,3729596.77,Pan India,4.400399113832,17.68053036126057,23.39226236228542,293.023821656051,27.023278978064724
2024-07-10,AD001,UG Admission,Google Ads,17–21 Age,151029,9303,1887,1057,498,70776.38,1931400.27,Pan India,6.159744155096041,7.607909276577448,20.283779425991614,142.12124497991968,27.28876879546538
2024-07-11,AD001,UG Admission,Google Ads,17–21 Age,53745,4296,787,354,145,28330.69,567612.72,North India,7.993301702483952,6.594667132216014,18.319366852886407,195.38406896551723,20.0352592894843
2024-07-12,AD001,UG Admission,Google Ads,17–21 Age,81985,2676,589,334,155,39730.86,1134386.5,East India,3.264011709459047,14.847107623318387,22.010463378176382,256.32812903225806,28.551773105339276
2024-07-13,AD001,UG Admission,Google Ads,17–21 Age,101535,3234,704,418,167,49643.44,538637.71,South India,3.185108583247156,15.350476190476192,21.768707482993197,297.26610778443114,10.850128637338587
2024-07-14,AD001,UG Admission,Google Ads,17–21 Age,56203,3399,526,282,124,50748.12,703721.34,East India,6.047719872604665,14.930308914386584,15.475139746984407,409.25903225806456,13.86694403654756
2024-07-15,AD001,UG Admission,Google Ads,17–21 Age,172571,12649,2920,1512,709,144033.44,4185547.5,West India,7.329736746034965,11.386942841331331,23.084828840224525,203.1501269393512,29.059553809170982
2024-07-16,AD001,UG Admission,Google Ads,17–21 Age,206620,15320,3284,2077,936,107031.96,4032427.25,West India,7.414577485238602,6.986420365535248,21.43603133159269,114.35038461538463,37.67498278084415
2024-07-17,AD001,UG Admission,Google Ads,17–21 Age,238579,11277,1997,942,481,200472.94,1996665.29,West India,4.726736217353581,17.77715172474949,17.708610446040613,416.78365904365904,9.959774571071787
2024-07-18,AD001,UG Admission,Google Ads,17–21 Age,299596,13778,2469,1401,803,133225.18,4364604.85,Pan India,4.598859797861119,9.669413557845841,17.919872260124837,165.90931506849313,32.76111054982249
2024-07-19,AD001,UG Admission,Google Ads,17–21 Age,289584,9928,1754,852,495,233553.6,1607665.33,North India,3.4283662080777946,23.52473811442385,17.66720386784851,471.82545454545453,6.883496250967658
2024-07-20,AD001,UG Admission,Google Ads,17–21 Age,272890,10309,2371,1461,865,248690.64,6675094.56,West India,3.777712631463227,24.123643418372296,22.999320981666504,287.5036300578035,26.8409561373118
2024-07-21,AD001,UG Admission,Google Ads,17–21 Age,285905,8585,1949,993,582,254211.76,3218555.65,West India,3.0027456672670993,29.61115433896331,22.702387885847408,436.78996563573884,12.6609235151041
2024-07-22,AD001,UG Admission,Google Ads,17–21 Age,92579,6825,1236,768,372,46340.62,2501009.92,West India,7.372082221670142,6.789834432234433,18.10989010989011,124.57155913978495,53.97014368819407
2024-07-23,AD001,UG Admission,Google Ads,17–21 Age,262199,20171,3719,2289,1259,108832.62,8859616.13,North India,7.693011796383662,5.395499479450696,18.437360567150858,86.44370135027799,81.40588851026467
2024-07-24,AD001,UG Admission,Google Ads,17–21 Age,198212,6874,1415,799,462,108824.3,3333666.45,Pan India,3.4680039553609268,15.831291824265348,20.58481233633983,235.5504329004329,30.63347478458396
2024-07-25,AD001,UG Admission,Google Ads,17–21 Age,118809,7312,1760,995,443,100651.52,2996388.37,West India,6.1544159112525145,13.765251641137857,24.070021881838073,227.20433408577878,29.76992667373528
2024-07-26,AD001,UG Admission,Google Ads,17–21 Age,182889,5572,878,401,226,93158.25,1525793.32,North India,3.0466567152753856,16.718996769562096,15.75735821966978,412.20464601769913,16.378509901162808
2024-07-27,AD001,UG Admission,Google Ads,17–21 Age,85016,3976,731,365,182,39557.93,1358545.74,South India,4.676766726263291,9.949177565392354,18.385311871227366,217.35126373626375,34.34319591545867
2024-07-28,AD001,UG Admission,Google Ads,17–21 Age,136206,8419,2017,1200,719,66697.45,3914237.0,West India,6.1810786602646,7.922253236726451,23.957714692956408,92.76418636995827,58.686456528697875
2024-07-29,AD001,UG Admission,Google Ads,17–21 Age,165347,11046,2068,1143,503,143383.04,1991695.9,South India,6.680496168663478,12.980539561832337,18.721709216005795,285.05574552683896,13.890735612803297
2024-07-30,AD001,UG Admission,Google Ads,17–21 Age,293930,12917,3074,1552,860,135737.98,4957159.97,West India,4.394583744428945,10.508475652241234,23.798095533018504,157.8348604651163,36.52006586513222
2024-07-31,AD001,UG Admission,Google Ads,17–21 Age,143598,9751,1930,965,442,121893.19,1449676.75,Pan India,6.790484547138539,12.50058352989437,19.792841759819506,275.77644796380093,11.893008542971105
2024-08-01,AD001,UG Admission,Google Ads,17–21 Age,54410,4309,693,357,191,48121.46,1063428.31,North India,7.919500091894872,11.16766303086563,16.082617776746343,251.9448167539267,22.098837192387762
2024-08-01,AD005,Semester Exchange Program,Instagram,22–27 Age,100600,4426,1006,578,315,88124.93,2363533.5,South India,4.399602385685885,19.91073881608676,22.72932670582919,279.7616825396825,26.82025960190834
2024-08-02,AD001,UG Admission,Google Ads,17–21 Age,132675,10342,1904,862,374,113475.65,1926663.81,North India,7.7949877520256265,10.97231193192806,18.410365499903307,303.4108288770053,16.97865409891902
2024-08-02,AD005,Semester Exchange Program,Instagram,17–21 Age,120721,9109,1747,1023,521,75049.88,2509324.06,North India,7.545497469371526,8.239091008892304,19.178834120100998,144.0496737044146,33.43541735176658
2024-08-03,AD001,UG Admission,Google Ads,17–21 Age,200741,11692,2445,1190,664,136500.62,3345576.76,South India,5.824420521966116,11.674702360588435,20.911734519329457,205.57322289156625,24.509608527785442
2024-08-03,AD005,Semester Exchange Program,Instagram,17–21 Age,208142,16098,3655,2210,1252,141729.43,7709099.55,Pan India,7.73414303696515,8.804163871288358,22.704683811653624,113.20242012779552,54.39307524202983
2024-08-04,AD001,UG Admission,Google Ads,17–21 Age,62326,2288,416,208,97,53808.35,514275.89,West India,3.6710201200141195,23.51763548951049,18.181818181818183,554.7252577319588,9.557548038547921
2024-08-04,AD005,Semester Exchange Program,Instagram,22–27 Age,60178,3164,594,300,141,36780.38,638055.97,East India,5.257735385024428,11.624646017699114,18.77370417193426,260.8537588652482,17.347726423707424
2024-08-05,AD001,UG Admission,Google Ads,17–21 Age,105561,6091,1210,657,361,58132.88,1085319.27,South India,5.7701234357385776,9.544061730421934,19.865375143654575,161.03290858725762,18.669628444350256
2024-08-05,AD005,Semester Exchange Program,Instagram,17–21 Age,108128,4562,1033,586,260,58193.29,1634560.79,South India,4.2190736904409585,12.756091626479614,22.643577378342833,223.82034615384615,28.088475320780113
2024-08-06,AD001,UG Admission,Google Ads,17–21 Age,96715,4883,1120,538,232,43537.41,1813996.79,East India,5.048854882903376,8.916119189023142,22.93671922998157,187.66125000000002,41.66524352275434
2024-08-06,AD005,Semester Exchange Program,Instagram,25–35 Age,99786,4538,843,475,270,86472.87,1992669.9,North India,4.547732146794139,19.055282062582634,18.57646540326135,320.2698888888889,23.043873760637297
2024-08-07,AD001,UG Admission,Google Ads,17–21 Age,297887,19916,3329,2125,936,270727.95,2895011.75,West India,6.68575667954627,13.5934901586664,16.715203856196023,289.2392628205128,10.693435051681956
2024-08-07,AD005,Semester Exchange Program,Instagram,17–21 Age,54376,2198,530,240,98,48889.03,404235.06,Pan India,4.042224510813594,22.242506824385806,24.11282984531392,498.8676530612245,8.268420543422522
2024-08-08,AD001,UG Admission,Google Ads,17–21 Age,88036,3843,807,511,208,69666.14,1270694.45,Pan India,4.3652596665000685,18.12806141035649,20.9992193598751,334.9333653846154,18.23977114276749
2024-08-08,AD005,Semester Exchange Program,Instagram,17–21 Age,276523,11747,1913,1099,451,112550.84,3062511.38,West India,4.2481095605067205,9.581241167957776,16.28500893845237,249.55840354767184,27.210026864304165
2024-08-09,AD001,UG Admission,Google Ads,17–21 Age,61270,3608,771,487,203,48486.67,1016705.47,South India,5.888689407540395,13.43865576496674,21.369179600886916,238.8505911330049,20.968762548552004
2024-08-09,AD005,Semester Exchange Program,Instagram,25–35 Age,175935,8558,1832,1035,601,163462.72,2873827.39,East India,4.864296473129281,19.100574900677728,21.40687076419724,271.98455906821965,17.580934600868016
2024-08-10,AD001,UG Admission,Google Ads,17–21 Age,270202,19267,3864,1957,1169,132916.08,5811867.04,Pan India,7.130591187333921,6.8986391238905895,20.05501634919811,113.70066723695466,43.72583843881042
2024-08-10,AD005,Semester Exchange Program,Instagram,17–21 Age,70308,4870,930,492,251,51723.19,1262103.52,South India,6.9266655288160655,10.620778234086243,19.096509240246405,206.0684860557769,24.401115244438714
2024-08-11,AD001,UG Admission,Google Ads,17–21 Age,206790,15329,3569,2038,1076,151435.23,8479988.83,South India,7.4128342763189705,9.879002544197274,23.282666840628874,140.73906133828999,55.997463932269916
2024-08-11,AD005,Semester Exchange Program,Instagram,25–35 Age,239465,10006,1533,767,445,119177.15,3554173.67,North India,4.1784811976698055,11.910568658804717,15.320807515490706,267.8138202247191,29.822610038921052
2024-08-12,AD001,UG Admission,Google Ads,17–21 Age,143259,4765,1041,609,246,103534.0,1950084.07,Pan India,3.326143558170865,21.728016789087093,21.846799580272823,420.869918699187,18.835204570479263
2024-08-12,AD005,Semester Exchange Program,Instagram,25–35 Age,60504,2239,539,322,184,54506.92,1051156.08,Pan India,3.7005817797170435,24.344314426083073,24.073246985261278,296.2332608695652,19.284818881712635
2024-08-13,AD001,UG Admission,Google Ads,17–21 Age,203962,9650,2394,1402,591,143265.17,2808713.52,North India,4.731273472509585,14.846131606217618,24.808290155440417,242.4114551607445,19.60499903779823
2024-08-13,AD005,Semester Exchange Program,Instagram,17–21 Age,140195,9654,1913,1044,524,78718.46,3267340.14,West India,6.886122900246086,8.153973482494303,19.81562046819971,150.2260687022901,41.50665726946386
2024-08-14,AD001,UG Admission,Google Ads,17–21 Age,93684,5805,1305,670,372,41067.66,1553036.39,West India,6.196362239016268,7.074532299741603,22.48062015503876,110.39693548387098,37.81652984367748
2024-08-14,AD005,Semester Exchange Program,Instagram,25–35 Age,184290,10858,2176,991,427,163226.63,1995132.12,South India,5.891800965869011,15.032844906981028,20.04052311659606,382.2637704918033,12.223079775646903
2024-08-15,AD001,UG Admission,Google Ads,17–21 Age,246897,8565,2017,1112,614,246807.4,4424382.49,North India,3.4690579472411573,28.81580852305896,23.54932866316404,401.96644951140064,17.926457999233413
2024-08-15,AD005,Semester Exchange Program,Instagram,17–21 Age,75772,2986,585,343,194,50358.62,1510026.78,North India,3.940769677453413,16.86490957803081,19.591426657736104,259.58051546391755,29.98546783053229
2024-08-16,AD001,UG Admission,Google Ads,17–21 Age,259857,18951,3776,2370,1066,110740.59,3876986.66,North India,7.2928572253200805,5.843522241570366,19.925069917154765,103.88423076923077,35.009626190360734
2024-08-16,AD005,Semester Exchange Program,Instagram,25–35 Age,147185,8624,2052,1243,630,102580.43,3446317.81,West India,5.859292726840371,11.894762291280147,23.794063079777366,162.82607936507935,33.59625037641196
2024-08-17,AD001,UG Admission,Google Ads,17–21 Age,160425,11372,2306,1230,588,133747.28,2831000.7,North India,7.088670718404239,11.761104467112204,20.27787548364404,227.46136054421768,21.1667908311855
2024-08-17,AD005,Semester Exchange Program,Instagram,22–27 Age,196487,8699,1691,1051,613,171743.84,3311850.86,South India,4.42726490811097,19.742940567881366,19.439015978848143,280.169396411093,19.283666069187692
2024-08-18,AD001,UG Admission,Google Ads,17–21 Age,136692,7477,1371,764,442,120425.27,2071543.89,West India,5.469961665642466,16.106094690383845,18.33623110873345,272.4553619909502,17.20190363700243
2024-08-18,AD005,Semester Exchange Program,Instagram,25–35 Age,254671,15131,3100,1454,638,167140.01,4151995.55,West India,5.941391049628737,11.046197211023726,20.48774040050228,261.97493730407524,24.841422170550306
2024-08-19,AD001,UG Admission,Google Ads,17–21 Age,167681,13225,2990,1842,894,92404.26,6148023.7,North India,7.88699971970587,6.987089603024574,22.608695652173914,103.36046979865772,66.53398555434566
2024-08-19,AD005,Semester Exchange Program,Instagram,17–21 Age,150411,8934,1854,1043,438,83953.46,3329055.06,East India,5.939725153080559,9.39707409894784,20.752182672934854,191.67456621004567,39.65357782752491
2024-08-20,AD001,UG Admission,Google Ads,17–21 Age,50916,2686,642,387,160,34435.4,774444.94,North India,5.275355487469557,12.820327624720775,23.901712583767683,215.22125,22.48979073860039
2024-08-20,AD005,Semester Exchange Program,Instagram,22–27 Age,266600,18274,4074,2224,907,192783.02,4819731.14,South India,6.854463615903976,10.549579730765021,22.29396957425851,212.5501874310915,25.000807332513
2024-08-21,AD001,UG Admission,Google Ads,17–21 Age,246115,17238,2715,1569,816,239237.62,5018704.73,East India,7.004042825508401,13.878502146420699,15.750087017055343,293.18335784313723,20.977907780557256
2024-08-21,AD005,Semester Exchange Program,Instagram,17–21 Age,286047,14611,3332,1656,978,195179.76,5342189.13,North India,5.107901848297657,13.358412155225516,22.804736157689412,199.57030674846627,27.370610200565878
2024-08-22,AD001,UG Admission,Google Ads,17–21 Age,55434,3340,628,299,157,47688.64,567663.31,Pan India,6.025183100624166,14.278035928143712,18.802395209580837,303.74929936305733,11.903533210424959
2024-08-22,AD005,Semester Exchange Program,Instagram,17–21 Age,138420,9190,1758,895,476,121775.58,3796435.52,South India,6.639213986418148,13.250879216539717,19.12948857453754,255.83105042016808,31.175671838311096
2024-08-23,AD001,UG Admission,Google Ads,17–21 Age,212121,8521,1831,1065,523,210422.93,1816349.21,South India,4.017046874189732,24.69462856472245,21.48808825255252,402.33829827915866,8.631897721412775
2024-08-23,AD005,Semester Exchange Program,Instagram,22–27 Age,174155,7729,1269,726,423,114529.99,1755445.01,South India,4.438000631621257,14.818215810583517,16.41868288264976,270.75647754137117,15.327382897702165
2024-08-24,AD001,UG Admission,Google Ads,17–21 Age,298055,23238,3774,2035,1015,255249.45,5574248.14,West India,7.796547617050545,10.984140201394268,16.240640330493157,251.4772906403941,21.83843350103203
2024-08-24,AD005,Semester Exchange Program,Instagram,17–21 Age,73433,3246,574,335,163,43645.42,1029954.06,Pan India,4.420355970748846,13.445908810844115,17.683302526186075,267.76331288343556,23.598216261866654
2024-08-25,AD001,UG Admission,Google Ads,17–21 Age,273318,12830,2725,1477,719,249800.87,3360100.1,West India,4.6941657702749175,19.470060015588466,21.239282930631333,347.4281919332406,13.45111448170697
2024-08-25,AD005,Semester Exchange Program,Instagram,17–21 Age,190927,8324,1746,1040,502,153681.46,1737263.59,West India,4.359781487165252,18.462453147525228,20.975492551657858,306.13836653386454,11.30431471694764
2024-08-26,AD001,UG Admission,Google Ads,17–21 Age,280548,22400,3381,2001,1115,243363.91,7580435.6,Pan India,7.984373440552063,10.864460267857144,15.09375,218.26359641255607,31.148561017120407
2024-08-26,AD005,Semester Exchange Program,Instagram,17–21 Age,285397,15333,2569,1619,881,167612.44,5312696.48,Pan India,5.372516179217021,10.931483727907128,16.754712058957804,190.25248581157774,31.696313710366606
2024-08-27,AD001,UG Admission,Google Ads,17–21 Age,230587,11780,2103,985,557,170545.05,2172105.58,North India,5.108700837427955,14.477508488964345,17.852292020373515,306.18500897666064,12.73625695967136
2024-08-27,AD005,Semester Exchange Program,Instagram,22–27 Age,239102,11777,2683,1443,793,178773.39,6237099.54,South India,4.925512960995726,15.179875180436445,22.78169313067844,225.43933165195463,34.888299315686744
2024-08-28,AD001,UG Admission,Google Ads,17–21 Age,122769,4992,1154,639,335,76198.02,1803614.19,East India,4.066173056716272,15.264026442307694,23.116987179487182,227.456776119403,23.670092608705577
2024-08-28,AD005,Semester Exchange Program,Instagram,25–35 Age,118445,9312,1796,862,394,53888.89,1248957.41,Pan India,7.861876820465195,5.787037156357388,19.286941580756015,136.77383248730965,23.176528779865386
2024-08-29,AD001,UG Admission,Google Ads,17–21 Age,176924,6002,1405,726,305,149271.1,1316066.43,Pan India,3.3924170830413063,24.870226591136287,23.408863712095968,489.4134426229508,8.816619091036376
2024-08-29,AD005,Semester Exchange Program,Instagram,17–21 Age,141835,4781,815,412,201,71163.26,1195976.69,East India,3.370818204251419,14.88459736456808,17.04664296172349,354.0460696517413,16.806097556520037
2024-08-30,AD001,UG Admission,Google Ads,17–21 Age,89353,3461,777,423,218,68408.44,1404431.2,East India,3.87340100500263,19.76551285755562,22.450158913608785,313.80018348623855,20.530086638432334
2024-08-30,AD005,Semester Exchange Program,Instagram,25–35 Age,172603,13771,3131,1756,957,123949.96,7284646.5,West India,7.978424476978964,9.000795875390313,22.7361847360395,129.519289446186,58.77086608176396
2024-08-31,AD001,UG Admission,Google Ads,17–21 Age,275170,8309,2008,1217,654,116652.11,2196952.4,North India,3.019587891121852,14.039247803586473,24.16656637381153,178.36714067278288,18.83337043796293
2024-08-31,AD005,Semester Exchange Program,Instagram,25–35 Age,188007,12565,2831,1364,556,100933.35,2063936.01,North India,6.683261793443861,8.032896935933149,22.530839633903703,181.53480215827338,20.448503988027742
2024-09-01,AD005,Semester Exchange Program,Instagram,25–35 Age,277995,17323,3307,1962,807,119949.55,3907589.22,East India,6.231407039694958,6.924294290827224,19.09022686601628,148.63636926889714,32.57693938826782
2024-09-02,AD005,Semester Exchange Program,Instagram,17–21 Age,204641,14981,3396,1681,682,155414.22,5373759.1,Pan India,7.320624899213746,10.374088512115346,22.668713704025098,227.88008797653958,34.57701039197057
2024-09-03,AD005,Semester Exchange Program,Instagram,22–27 Age,80461,5310,1043,626,251,56362.02,988491.69,East India,6.59947055095015,10.61431638418079,19.642184557438792,224.54988047808763,17.538258742323286
2024-09-04,AD005,Semester Exchange Program,Instagram,17–21 Age,225116,11836,2871,1828,993,145813.18,7254951.42,South India,5.2577337905790795,12.319464346062858,24.25650557620818,146.84106747230612,49.75511418103631
2024-09-05,AD005,Semester Exchange Program,Instagram,17–21 Age,116737,9182,1836,1173,621,99175.68,2537615.16,South India,7.865543914954127,10.801097800043562,19.995643650620778,159.70318840579708,25.58707094319898
2024-09-06,AD005,Semester Exchange Program,Instagram,22–27 Age,63297,4534,954,479,279,50866.84,2142106.16,Pan India,7.163056700949492,11.218976621085133,21.041023378914865,182.31842293906809,42.11203526698337
2024-09-07,AD005,Semester Exchange Program,Instagram,22–27 Age,58123,2245,487,238,102,48037.73,806657.5,West India,3.862498494571856,21.397652561247217,21.692650334075726,470.958137254902,16.792165241779742
2024-09-08,AD005,Semester Exchange Program,Instagram,17–21 Age,245747,19560,3600,2070,927,200843.09,3867146.21,West India,7.959405404745532,10.268051635991819,18.404907975460123,216.65921251348436,19.254564396514713
2024-09-09,AD005,Semester Exchange Program,Instagram,17–21 Age,84497,2556,527,306,147,40400.53,517443.61,East India,3.0249594660165453,15.80615414710485,20.61815336463224,274.833537414966,12.807842124843411
2024-09-10,AD005,Semester Exchange Program,Instagram,17–21 Age,241659,17679,2873,1586,722,135221.61,4879841.23,East India,7.315680359514854,7.648713728152044,16.25091916963629,187.28754847645428,36.08773205702847
2024-09-11,AD005,Semester Exchange Program,Instagram,22–27 Age,65507,2625,419,269,116,58810.83,812926.32,West India,4.0072053368342315,22.404125714285716,15.961904761904764,506.9899137931035,13.822731629531498
2024-09-12,AD005,Semester Exchange Program,Instagram,17–21 Age,89606,3064,523,302,174,82237.51,1090015.64,Pan India,3.4194138785349195,26.8399184073107,17.069190600522195,472.62936781609193,13.254482534794645
2024-09-13,AD005,Semester Exchange Program,Instagram,25–35 Age,288944,22296,3936,2456,1336,268441.11,10200618.61,North India,7.716374107093415,12.039877556512378,17.653390742734125,200.9289745508982,37.99946517133684
2024-09-14,AD005,Semester Exchange Program,Instagram,25–35 Age,61065,3349,511,253,103,50674.5,618470.9,East India,5.484319986899206,15.131233203941475,15.258286055538967,491.9854368932039,12.204775577460063
2024-09-15,AD005,Semester Exchange Program,Instagram,17–21 Age,52998,2691,556,360,169,42374.05,1263776.46,South India,5.077550096230047,15.746581196581198,20.66146413972501,250.73402366863908,29.824301901753547
2024-09-16,AD005,Semester Exchange Program,Instagram,17–21 Age,188733,6063,1486,848,495,117044.6,1718164.73,West India,3.2124747659391844,19.304733630216067,24.50931881906647,236.4537373737374,14.679572829502598
2024-09-17,AD005,Semester Exchange Program,Instagram,22–27 Age,264523,8422,1397,690,285,174372.08,2190322.56,North India,3.183844126975726,20.704355260033246,16.58750890524816,611.8318596491227,12.561199935218989
2024-09-18,AD005,Semester Exchange Program,Instagram,17–21 Age,99863,5899,1473,894,463,73758.95,1765141.51,East India,5.90709271702232,12.503636209527038,24.970333954907613,159.30658747300217,23.9312179742255
2024-09-19,AD005,Semester Exchange Program,Instagram,25–35 Age,76229,4994,1189,748,448,38131.31,2070391.74,North India,6.5513124926209185,7.635424509411293,23.80857028434121,85.11453125,54.296370620364215
2024-09-20,AD005,Semester Exchange Program,Instagram,17–21 Age,121757,6018,1136,664,374,107787.88,2220089.24,South India,4.942631635142127,17.910913924891993,18.876703223662346,288.20288770053475,20.5968355625883
2024-09-21,AD005,Semester Exchange Program,Instagram,25–35 Age,114298,4785,1131,713,345,80918.92,2265577.65,North India,4.186424959316874,16.910955067920586,23.636363636363637,234.54759420289855,27.998120217125983
2024-09-22,AD005,Semester Exchange Program,Instagram,17–21 Age,105308,7365,1272,726,432,43967.23,2323390.45,North India,6.993770653701523,5.969752885268161,17.270875763747455,101.77599537037038,52.843684944446125
2024-09-23,AD005,Semester Exchange Program,Instagram,22–27 Age,136857,9505,1522,788,362,65108.72,1489069.41,South India,6.945205579546535,6.849944239873751,16.012624934245135,179.85834254143646,22.87050659266531
2024-09-24,AD005,Semester Exchange Program,Instagram,17–21 Age,134230,8702,1365,650,332,124821.77,1474440.35,West India,6.4829024808165086,14.34403240634337,15.68604918409561,375.969186746988,11.812365343000664
2024-09-25,AD005,Semester Exchange Program,Instagram,22–27 Age,262940,21020,4963,2852,1664,200318.65,7439846.28,North India,7.994219213508785,9.529907231208373,23.610846812559465,120.38380408653846,37.14005800258738
2024-09-26,AD005,Semester Exchange Program,Instagram,25–35 Age,273481,17743,3097,1835,1000,262907.98,7305475.89,South India,6.48783644933286,14.81756072817449,17.454770895564447,262.90798,27.787197216303593
2024-09-27,AD005,Semester Exchange Program,Instagram,17–21 Age,81135,4547,1123,543,325,72931.67,1570056.62,North India,5.6042398471683,16.039513965251814,24.697602815042885,224.40513846153846,21.527775519194886
2024-09-28,AD005,Semester Exchange Program,Instagram,22–27 Age,177065,8511,1962,1141,682,126930.36,4613730.38,West India,4.8067094005026405,14.913683468452591,23.052520267888614,186.11489736070382,36.348517249931376
2024-09-29,AD005,Semester Exchange Program,Instagram,17–21 Age,120820,8446,1398,808,382,96604.45,1911053.53,South India,6.990564476080118,11.437893677480464,16.55221406582998,252.89123036649215,19.78225154224262
2024-09-30,AD005,Semester Exchange Program,Instagram,17–21 Age,108200,3265,588,270,146,90135.86,550296.55,Pan India,3.0175600739371533,27.606695252679938,18.00918836140888,617.368904109589,6.105189987647536
2024-10-01,AD005,Semester Exchange Program,Instagram,25–35 Age,181393,7776,1216,691,308,116710.52,955852.67,South India,4.28682473965368,15.009068930041153,15.637860082304528,378.93025974025977,8.18994440261255
2024-10-02,AD005,Semester Exchange Program,Instagram,25–35 Age,188107,11836,2751,1255,668,83985.35,3644883.8,North India,6.292163502687301,7.095754477864144,23.242649543764784,125.72657185628744,43.399042809251846
2024-10-03,AD005,Semester Exchange Program,Instagram,17–21 Age,136913,4144,997,508,257,88554.32,1706756.01,South India,3.026739608364436,21.369285714285716,24.05888030888031,344.5693385214008,19.273548822914567
2024-10-04,AD005,Semester Exchange Program,Instagram,25–35 Age,275383,21966,4741,2231,912,239728.52,3926372.14,Pan India,7.976527236612283,10.91361740872257,21.583356095784396,262.8602192982456,16.378410628822973
2024-10-05,AD005,Semester Exchange Program,Instagram,25–35 Age,287478,15296,2824,1485,658,273924.01,2298553.78,North India,5.3207549795114755,17.908211950836822,18.46234309623431,416.2978875379939,8.391209591302346
2024-10-06,AD005,Semester Exchange Program,Instagram,25–35 Age,177706,6076,1461,913,494,142058.98,1710667.68,Pan India,3.419130473928849,23.38034562211982,24.04542462146149,287.5687854251012,12.041953841988727
2024-10-07,AD005,Semester Exchange Program,Instagram,25–35 Age,295188,8972,1635,877,449,209783.61,3330514.34,East India,3.039418946569644,23.38203410610789,18.223361569326794,467.2240757238307,15.875951128879898
2024-10-08,AD005,Semester Exchange Program,Instagram,25–35 Age,142451,6326,1430,782,396,65523.4,2443483.47,North India,4.440825266231897,10.357793234271261,22.605121719886185,165.46313131313133,37.29176858954206
2024-10-09,AD005,Semester Exchange Program,Instagram,22–27 Age,54463,3186,540,317,161,38378.96,865326.9,East India,5.849843012687512,12.046126804770873,16.94915254237288,238.37863354037268,22.54690851445688
2024-10-10,AD005,Semester Exchange Program,Instagram,25–35 Age,139686,5412,1042,509,290,75836.12,1654751.42,East India,3.8744040204458567,14.012586844050258,19.25351071692535,261.5038620689655,21.82009601757052
2024-10-11,AD005,Semester Exchange Program,Instagram,25–35 Age,120409,4489,780,484,246,110563.17,1888857.04,East India,3.728126635052197,24.62979950991312,17.375807529516596,449.4437804878049,17.083962408096657
2024-10-12,AD005,Semester Exchange Program,Instagram,17–21 Age,216016,10639,1987,1050,475,139364.0,1826451.72,South India,4.925098140878453,13.099351442804775,18.676567346555128,293.3978947368421,13.10562067678884
2024-10-13,AD005,Semester Exchange Program,Instagram,17–21 Age,58912,4326,782,498,295,48216.62,1214180.74,South India,7.343155893536121,11.145774387424874,18.07674526121128,163.44616949152544,25.181788769100777
2024-10-14,AD005,Semester Exchange Program,Instagram,22–27 Age,202717,6817,1069,693,358,116988.99,1522257.6,West India,3.362816142701402,17.161359835704857,15.681384773360715,326.78488826815646,13.0119731779888
2024-10-15,AD005,Semester Exchange Program,Instagram,22–27 Age,251656,18834,3343,1918,1080,241798.27,7037867.27,South India,7.484025813014592,12.838391738345544,17.749814165870234,223.88728703703703,29.106359073619508
2024-10-16,AD005,Semester Exchange Program,Instagram,17–21 Age,199622,6041,993,525,228,176721.83,988512.45,South India,3.0262195549588724,29.25373779175633,16.437675881476576,775.0957456140351,5.593606913192332
2024-10-17,AD005,Semester Exchange Program,Instagram,25–35 Age,69381,3391,607,363,166,49757.02,578094.77,Pan India,4.887505224773353,14.673258625774107,17.900324388086112,299.7410843373494,11.618355962636027
2024-10-18,AD005,Semester Exchange Program,Instagram,17–21 Age,287101,12759,2552,1493,878,208157.08,4202662.82,North India,4.444080654543175,16.31452935183008,20.001567520965594,237.08095671981775,20.189862482698164
2024-10-19,AD005,Semester Exchange Program,Instagram,17–21 Age,184878,12850,2357,1514,788,119293.73,4620820.81,East India,6.950529538398295,9.283558754863813,18.342412451361866,151.38798223350253,38.734817077142274
2024-10-20,AD005,Semester Exchange Program,Instagram,22–27 Age,92994,4254,1025,663,325,63509.98,1979290.65,West India,4.574488676688818,14.929473436765399,24.09496944052656,195.41532307692307,31.165033432540834
2024-10-21,AD005,Semester Exchange Program,Instagram,25–35 Age,122794,7849,1907,1022,609,115044.95,2146534.46,East India,6.3920061240777235,14.657274812077972,24.296088673716397,188.90796387520524,18.658224111532057
2024-10-22,AD005,Semester Exchange Program,Instagram,17–21 Age,91570,6739,1285,721,353,79415.47,2003387.48,West India,7.359397182483346,11.784459118563586,19.068110995696692,224.9730028328612,25.226665283225042
2024-10-23,AD005,Semester Exchange Program,Instagram,25–35 Age,136044,5700,1277,576,315,81289.85,1260959.52,West India,4.189820940284026,14.261377192982458,22.403508771929825,258.0630158730159,15.511893797319098
2024-10-24,AD005,Semester Exchange Program,Instagram,22–27 Age,167984,5400,1206,563,278,99048.93,1366324.42,East India,3.21459186589199,18.342394444444444,22.333333333333332,356.29111510791364,13.794438970718815
2024-10-25,AD005,Semester Exchange Program,Instagram,22–27 Age,95036,5272,948,435,238,52509.6,1552232.36,North India,5.5473715223704705,9.96009104704097,17.981790591805765,220.62857142857143,29.560925240337006
2024-10-26,AD005,Semester Exchange Program,Instagram,25–35 Age,59294,3218,771,376,216,51407.62,827192.52,West India,5.42719330792323,15.975021752641393,23.958980733374766,237.99824074074075,16.09085423522816
2024-10-27,AD005,Semester Exchange Program,Instagram,22–27 Age,130677,9462,1831,969,562,89431.65,2487761.4,North India,7.240753919970615,9.451664552948635,19.351088564785456,159.13104982206406,27.81746059700341
2024-10-28,AD005,Semester Exchange Program,Instagram,22–27 Age,97058,3274,651,375,190,45063.28,895881.61,Pan India,3.3732407426487256,13.763982895540623,19.88393402565669,237.17515789473683,19.880523787882286
2024-10-29,AD005,Semester Exchange Program,Instagram,17–21 Age,179478,6773,1044,667,270,91661.15,2080724.29,North India,3.7737215703317393,13.533316108076184,15.414144396869926,339.4857407407407,22.700176574262926
2024-10-30,AD005,Semester Exchange Program,Instagram,25–35 Age,281673,15379,3271,1753,1035,204309.98,3459761.8,South India,5.45987723352966,13.284997724169322,21.2692632810976,197.4009468599034,16.933885461689144
2024-10-31,AD005,Semester Exchange Program,Instagram,25–35 Age,116450,6235,1558,824,360,65629.02,1949668.5,South India,5.354229282954058,10.525905372894949,24.987971130713714,182.30283333333335,29.707414494380686
2024-11-01,AD005,Semester Exchange Program,Instagram,17–21 Age,225961,14171,3221,1819,993,168277.96,3222207.73,North India,6.271436221294826,11.874811939877214,22.72951802977913,169.46420946626384,19.14812688482794
2024-11-02,AD005,Semester Exchange Program,Instagram,25–35 Age,106756,7681,1748,926,405,72448.35,1950812.15,Pan India,7.194911761399828,9.432150761619582,22.757453456581175,178.88481481481483,26.926936914367268
2024-11-03,AD005,Semester Exchange Program,Instagram,17–21 Age,232832,9147,1633,749,397,193724.4,3007990.84,South India,3.928583699835074,21.179009511315186,17.852847928282497,487.9707808564232,15.527165602267964
2024-11-04,AD005,Semester Exchange Program,Instagram,22–27 Age,283483,9399,2257,1289,646,152209.39,2606457.79,Pan India,3.3155427309574117,16.194211086285776,24.013192892860943,235.61825077399382,17.124158962860307
2024-11-05,AD005,Semester Exchange Program,Instagram,25–35 Age,239123,8684,1946,1221,722,204001.7,2714132.08,North India,3.631603818955098,23.491674343620453,22.40902809765085,282.55083102493074,13.304458149123267
2024-11-06,AD005,Semester Exchange Program,Instagram,25–35 Age,276380,16064,2534,1232,551,170390.62,3092023.95,East India,5.812287430349518,10.606985806772908,15.774402390438247,309.23887477313974,18.146679377069
2024-11-07,AD005,Semester Exchange Program,Instagram,17–21 Age,270180,14454,3258,1917,990,268873.26,6443869.42,West India,5.349766822118587,18.601996679119967,22.54047322540473,271.5891515151515,23.96619663852032
2024-11-08,AD005,Semester Exchange Program,Instagram,17–21 Age,286662,11043,1712,779,318,131184.55,1392508.14,East India,3.852272013730456,11.879430408403513,15.50303359594313,412.5300314465408,10.614879114956754
2024-11-09,AD005,Semester Exchange Program,Instagram,22–27 Age,181568,10036,2164,1043,557,105288.6,2943846.76,Pan India,5.527405710257314,10.49109206855321,21.56237544838581,189.02800718132855,27.959786339641706
2024-11-10,AD005,Semester Exchange Program,Instagram,17–21 Age,55161,1674,327,182,93,27683.46,419254.85,North India,3.034752814488497,16.537311827956987,19.53405017921147,297.6716129032258,15.144597171018363
2024-11-11,AD005,Semester Exchange Program,Instagram,25–35 Age,146332,7956,1417,687,389,145598.6,1883807.49,East India,5.436951589536124,18.300477626948215,17.81045751633987,374.2894601542417,12.938362662827801
2024-11-12,AD005,Semester Exchange Program,Instagram,17–21 Age,283452,10161,2461,1357,599,241562.24,2333253.91,East India,3.584733923203929,23.77347111504773,24.220057080995964,403.2758597662771,9.659017526911493
2024-11-13,AD005,Semester Exchange Program,Instagram,17–21 Age,266279,21175,3231,1568,646,219965.47,2905813.4,East India,7.952185489655587,10.38797969303424,15.258559622195985,340.50382352941176,13.210316146438801
2024-11-14,AD005,Semester Exchange Program,Instagram,25–35 Age,126096,4710,786,422,172,75860.32,757098.6,Pan India,3.735249333840883,16.106225053078557,16.687898089171973,441.0483720930233,9.98016617910391
2024-11-15,AD005,Semester Exchange Program,Instagram,22–27 Age,72191,4406,911,578,345,56628.01,1560935.41,West India,6.103253868210719,12.852476168860646,20.67635043123014,164.13915942028987,27.5647230054526
2024-11-16,AD005,Semester Exchange Program,Instagram,25–35 Age,102772,7546,1445,670,401,91991.98,2282140.1,Pan India,7.342466819756353,12.190826928173866,19.149218128809967,229.40643391521195,24.808033265508584
2024-11-17,AD005,Semester Exchange Program,Instagram,22–27 Age,110873,5990,1401,803,465,86112.93,2382488.17,Pan India,5.402577724062666,14.376115191986644,23.388981636060098,185.18909677419353,27.667020155974257
2024-11-18,AD005,Semester Exchange Program,Instagram,17–21 Age,204362,14066,3141,1562,659,184747.29,3568654.0,South India,6.8828842935575105,13.13431608133087,22.330442201052183,280.34490136570565,19.316407834723854
2024-11-19,AD005,Semester Exchange Program,Instagram,17–21 Age,180572,12720,2814,1384,578,137201.61,3495163.5,West India,7.044281505438274,10.786290094339622,22.12264150943396,237.3730276816609,25.474653686644057
2024-11-20,AD005,Semester Exchange Program,Instagram,25–35 Age,193929,13873,3062,1471,874,161155.16,6776185.69,West India,7.153649015876945,11.616460751099257,22.07164996756289,184.38805491990848,42.047587492699584
2024-11-21,AD005,Semester Exchange Program,Instagram,25–35 Age,82283,2921,481,235,130,76726.47,415137.55,North India,3.549943487719213,26.26719274221157,16.466963368709344,590.2036153846154,5.410617092119577
2024-11-22,AD005,Semester Exchange Program,Instagram,25–35 Age,192091,11604,2347,1104,643,125058.01,4406790.35,West India,6.040886871326611,10.777146673560841,20.22578421234057,194.49146189735615,35.23796956308516
2024-11-23,AD005,Semester Exchange Program,Instagram,25–35 Age,65161,2390,561,334,173,46009.7,825433.67,South India,3.6678381240312454,19.25092050209205,23.472803347280337,265.95202312138724,17.940427127323154
2024-11-24,AD005,Semester Exchange Program,Instagram,22–27 Age,273486,9563,1760,876,515,230126.27,3733798.06,Pan India,3.4967054986361275,24.06423402697898,18.40426644358465,446.8471262135922,16.224997085295826
2024-11-25,AD005,Semester Exchange Program,Instagram,22–27 Age,69058,3605,672,383,211,46789.73,1676078.02,South India,5.220249645225753,12.979120665742025,18.640776699029125,221.7522748815166,35.82149373377448
2024-11-26,AD005,Semester Exchange Program,Instagram,22–27 Age,91853,6881,1240,672,277,44008.16,1877093.83,North India,7.49131764885197,6.39560528992879,18.0206365353873,158.87422382671483,42.653313158287006
2024-11-27,AD005,Semester Exchange Program,Instagram,17–21 Age,90600,5028,1186,602,308,73545.38,1650695.41,East India,5.549668874172185,14.627163882259348,23.587907716786,238.78370129870132,22.44458333072723
2024-11-28,AD005,Semester Exchange Program,Instagram,22–27 Age,175761,5318,1233,657,374,116485.8,2032416.22,South India,3.0256996717132925,21.904061677322304,23.1854080481384,311.45935828877003,17.44775946939455
2024-11-29,AD005,Semester Exchange Program,Instagram,22–27 Age,255808,20215,4403,2084,1238,219725.73,5687975.93,West India,7.902411183387541,10.869440019787287,21.780855800148405,177.48443457189015,25.88670853431685
2024-11-30,AD005,Semester Exchange Program,Instagram,22–27 Age,80454,5850,1090,544,298,70151.88,1542618.67,Pan India,7.271235737191438,11.991774358974359,18.632478632478634,235.4089932885906,21.98969820908577
2024-12-01,AD005,Semester Exchange Program,Instagram,17–21 Age,197437,15661,3170,2036,967,126999.65,3380862.13,East India,7.932150508769887,8.109293787114488,20.241363897579976,131.3336608066184,26.621035018600445
2024-12-02,AD005,Semester Exchange Program,Instagram,25–35 Age,89542,6519,1086,697,285,60866.25,1813988.18,East India,7.2803823903866345,9.336746433502071,16.65899677864703,213.56578947368422,29.802857577064465
2024-12-03,AD005,Semester Exchange Program,Instagram,17–21 Age,264827,17541,3210,1832,918,239779.4,4492737.47,North India,6.623569349046736,13.669653953594436,18.299982897212246,261.1976034858388,18.73696184909963
2024-12-04,AD005,Semester Exchange Program,Instagram,25–35 Age,246484,15426,3748,2056,1100,197907.72,3733897.51,North India,6.258418396325928,12.829490470633994,24.296642032931416,179.9161090909091,18.86686133315062
2024-12-05,AD005,Semester Exchange Program,Instagram,22–27 Age,166847,6747,1403,818,471,125046.51,1803264.94,Pan India,4.04382458180249,18.53364606491774,20.794427152808655,265.49152866242036,14.420753845909015
2024-12-06,AD005,Semester Exchange Program,Instagram,17–21 Age,159764,8942,1411,644,294,90588.72,1354157.21,Pan India,5.597005583235272,10.130700067099083,15.779467680608365,308.12489795918367,14.948408698124886
2024-12-07,AD005,Semester Exchange Program,Instagram,22–27 Age,102163,5048,1064,661,327,60848.34,2575367.84,West India,4.94112349872263,12.053950079239302,21.077654516640255,186.08055045871558,42.32437302315889
2024-12-08,AD005,Semester Exchange Program,Instagram,25–35 Age,126853,7221,1286,797,398,50966.79,2508469.86,West India,5.692415630690642,7.058134607395098,17.809167705303974,128.05726130653267,49.21773295905039
2024-12-09,AD005,Semester Exchange Program,Instagram,25–35 Age,220003,12964,2716,1272,714,149924.94,5270433.16,East India,5.892646918451112,11.564713051527306,20.950323974082075,209.97890756302522,35.153812034208585
2024-12-10,AD005,Semester Exchange Program,Instagram,22–27 Age,201824,7307,1450,689,362,150905.55,1905071.16,Pan India,3.6204812113524656,20.652189681127684,19.84398521965239,416.86616022099446,12.624261731924372
2024-12-11,AD005,Semester Exchange Program,Instagram,17–21 Age,250260,19853,3492,1798,784,135506.91,2906425.19,West India,7.93294973227843,6.825513020702161,17.589281216944542,172.84044642857143,21.44853860220117
2024-12-12,AD005,Semester Exchange Program,Instagram,25–35 Age,135664,4928,1186,699,396,57125.92,2556577.29,West India,3.632503832999175,11.59211038961039,24.066558441558442,144.25737373737374,44.753367473119035
2024-12-13,AD005,Semester Exchange Program,Instagram,25–35 Age,160397,9855,1850,945,509,66687.61,2358767.81,Pan India,6.1441298777408555,6.766880771182141,18.772196854388636,131.0169155206287,35.370405537100524
2024-12-14,AD005,Semester Exchange Program,Instagram,22–27 Age,79723,3466,546,277,162,45007.68,714695.19,Pan India,4.347553403660173,12.985481823427582,15.753029428736296,277.8251851851852,15.879405248170977
2024-12-15,AD005,Semester Exchange Program,Instagram,25–35 Age,152326,8620,2136,1366,558,144403.81,4066244.11,North India,5.658915746491078,16.752182134570766,24.779582366589327,258.7881899641577,28.158842277083963
2024-12-16,AD005,Semester Exchange Program,Instagram,25–35 Age,215008,12718,3010,1775,928,185494.55,5966828.56,North India,5.915128739395743,14.58519814436232,23.66724327724485,199.88636853448276,32.1671367703256
2024-12-17,AD005,Semester Exchange Program,Instagram,25–35 Age,226154,6787,1355,775,413,127284.48,3048285.96,East India,3.0010523802364757,18.754159422425225,19.964638279062914,308.19486682808713,23.94860677436872
2024-12-18,AD005,Semester Exchange Program,Instagram,17–21 Age,65380,3622,886,466,197,38280.77,618935.67,East India,5.539920464973998,10.568959138597458,24.461623412479295,194.31862944162435,16.16831819213668
2024-12-19,AD005,Semester Exchange Program,Instagram,22–27 Age,64816,4503,783,385,198,36917.17,1292747.35,South India,6.947358676869908,8.198349988896291,17.388407728181214,186.4503535353535,35.017509467816744
2024-12-20,AD005,Semester Exchange Program,Instagram,25–35 Age,129732,6744,1532,866,459,59861.08,3616448.38,North India,5.198409027842013,8.876198102016607,22.716488730723604,130.4162962962963,60.41401825693756
2024-12-21,AD005,Semester Exchange Program,Instagram,25–35 Age,191010,6685,1113,682,386,84242.54,2143080.95,East India,3.4998167635202346,12.601726252804786,16.649214659685864,218.24492227979272,25.4394151695806
2024-12-22,AD005,Semester Exchange Program,Instagram,22–27 Age,68302,2222,383,243,139,55070.2,866752.39,West India,3.2531990278469154,24.78406840684068,17.236723672367237,396.1884892086331,15.739045618138304
2024-12-23,AD005,Semester Exchange Program,Instagram,22–27 Age,148429,6118,1413,782,344,93856.35,1316377.62,North India,4.1218360293473655,15.341018306636157,23.09578293559987,272.83822674418604,14.025450808602722
2024-12-24,AD005,Semester Exchange Program,Instagram,22–27 Age,130005,7572,1183,758,342,52249.34,2407660.84,South India,5.82439136956271,6.900335446381405,15.623349181193872,152.77584795321636,46.080215367313734
2024-12-25,AD005,Semester Exchange Program,Instagram,25–35 Age,188671,14836,3690,2154,921,187239.3,5745146.2,West India,7.863423631612701,12.620605284443245,24.87193313561607,203.29999999999998,30.683441991077732
2024-12-26,AD005,Semester Exchange Program,Instagram,22–27 Age,210372,8399,1694,973,468,119550.69,3244204.25,South India,3.9924514669252567,14.233919514227885,20.16906774616026,255.4501923076923,27.136641787680187
2024-12-27,AD005,Semester Exchange Program,Instagram,17–21 Age,242821,11287,2295,1202,698,99352.03,4449421.1,Pan India,4.648280008730711,8.802341631965978,20.333126605829715,142.33815186246417,44.784400479788886
2024-12-28,AD005,Semester Exchange Program,Instagram,22–27 Age,203553,16070,3160,1749,804,85165.18,4136749.5,West India,7.894749770330085,5.299637834474175,19.663970130678283,105.92684079601989,48.573249067283136
2024-12-29,AD005,Semester Exchange Program,Instagram,17–21 Age,76603,5356,1267,651,332,45529.69,1938587.1,West India,6.99189326788768,8.500688946975355,23.655713218820015,137.1376204819277,42.578526232003775
2024-12-30,AD005,Semester Exchange Program,Instagram,22–27 Age,170097,6950,1199,740,397,123129.23,2422516.68,South India,4.085903925407268,17.71643597122302,17.25179856115108,310.14919395465995,19.67458644872546
2024-12-31,AD005,Semester Exchange Program,Instagram,22–27 Age,131701,9179,1437,927,505,59393.39,3247013.45,Pan India,6.969575022209399,6.470573047172895,15.65530014162763,117.61067326732673,54.66960969899176
2025-01-01,AD003,Placements,LinkedIn,22–27 Age,279530,19894,3599,2203,1218,273389.72,8583247.3,South India,7.116946302722427,13.742320297577157,18.090881672866193,224.45789819376023,31.395647575922027
2025-01-02,AD003,Placements,LinkedIn,17–21 Age,107357,3850,660,404,170,64297.75,639111.06,West India,3.5861657833210687,16.700714285714287,17.142857142857142,378.22205882352944,9.9398666360798
2025-01-03,AD003,Placements,LinkedIn,25–35 Age,234568,11507,2233,1415,677,228209.58,3116134.9,West India,4.905613723952116,19.832239506387417,19.40557921265317,337.08948301329394,13.65470678312453
2025-01-04,AD003,Placements,LinkedIn,25–35 Age,118873,6602,1257,706,337,88250.44,1510928.16,West India,5.5538263524938385,13.367228112693123,19.039684943956377,261.8707418397626,17.12091361810774
2025-01-05,AD003,Placements,LinkedIn,22–27 Age,65935,3337,635,299,144,33688.76,618176.8,Pan India,5.061044968529613,10.09552292478274,19.02906802517231,233.94972222222225,18.349645401018027
2025-01-06,AD003,Placements,LinkedIn,25–35 Age,98052,5653,1278,620,365,66527.79,2071736.22,East India,5.765308203810223,11.768581284273836,22.607465062798514,182.26791780821915,31.140914496032412
2025-01-07,AD003,Placements,LinkedIn,22–27 Age,131378,7546,1518,715,293,83251.47,1142012.75,Pan India,5.743731827246571,11.032529817121654,20.11661807580175,284.13470989761095,13.7176286496803
2025-01-08,AD003,Placements,LinkedIn,22–27 Age,262420,14446,3479,2040,966,119191.61,6335108.83,West India,5.504915783857937,8.250838294337534,24.082791084037105,123.38675983436853,53.1506272127711
2025-01-09,AD003,Placements,LinkedIn,25–35 Age,153266,6717,1640,966,430,153149.87,2013145.18,Pan India,4.382576696723343,22.80033794848891,24.415661753759117,356.16248837209304,13.144935611110869
2025-01-10,AD003,Placements,LinkedIn,22–27 Age,70209,2239,511,331,185,54632.02,1173022.89,South India,3.1890498369154954,24.400187583742742,22.82268870031264,295.3082162162162,21.471343911500984
2025-01-11,AD003,Placements,LinkedIn,22–27 Age,125823,6100,1244,598,263,78509.29,1955712.94,South India,4.848080239701804,12.870375409836065,20.39344262295082,298.51441064638783,24.910592619039097
2025-01-12,AD003,Placements,LinkedIn,25–35 Age,203716,6420,1047,499,199,165278.22,840797.82,West India,3.151446130888099,25.74427102803738,16.30841121495327,830.5438190954774,5.087166476018437
2025-01-13,AD003,Placements,LinkedIn,22–27 Age,146482,4711,931,572,338,141930.1,2174371.93,North India,3.2160948102838574,30.127382721290598,19.762258543833582,419.9115384615385,15.320019713929604
2025-01-14,AD003,Placements,LinkedIn,22–27 Age,266480,8507,1449,740,346,179057.44,2625757.68,Pan India,3.192359651756229,21.04824732573175,17.033031621017987,517.5070520231214,14.664331624533446
2025-01-15,AD003,Placements,LinkedIn,22–27 Age,119877,5157,853,489,196,55662.12,601879.73,East India,4.301909457193624,10.793507853403142,16.540624394027535,283.99040816326533,10.813093895812807
2025-01-16,AD003,Placements,LinkedIn,25–35 Age,258617,11130,2706,1265,634,220388.72,3969227.91,East India,4.303661398902625,19.801322551662174,24.31266846361186,347.61627760252367,18.01012279575833
2025-01-17,AD003,Placements,LinkedIn,25–35 Age,286009,20719,3174,1988,1183,159981.23,5016566.76,North India,7.244177630773857,7.721474492012163,15.31927216564506,135.23349957734575,31.357220843970254
2025-01-18,AD003,Placements,LinkedIn,22–27 Age,143217,6695,1166,607,327,67853.55,1547240.6,South India,4.674724369313699,10.134958924570576,17.41598207617625,207.50321100917432,22.80264776124462
2025-01-19,AD003,Placements,LinkedIn,22–27 Age,72167,3593,602,351,197,70366.31,1134508.65,East India,4.978729890393116,19.58427776231561,16.754801001948234,357.18939086294415,16.1228953173756
2025-01-20,AD003,Placements,LinkedIn,22–27 Age,239490,16490,2821,1500,857,231252.5,2591070.74,Pan India,6.885464946344315,14.023802304426926,17.107337780473014,269.83955659276546,11.204509097198951
2025-01-21,AD003,Placements,LinkedIn,22–27 Age,114858,8995,2140,1042,585,109054.25,3742051.97,Pan India,7.831409218339166,12.123874374652585,23.790994997220675,186.41752136752137,34.313673882494264
2025-01-22,AD003,Placements,LinkedIn,25–35 Age,287469,15650,3709,1899,784,253282.64,2874025.11,West India,5.444065273125102,16.18419424920128,23.69968051118211,323.06459183673473,11.347106576273841
2025-01-23,AD003,Placements,LinkedIn,22–27 Age,160382,12822,2675,1467,670,98850.69,3011981.4,Pan India,7.9946627427017996,7.709459522695368,20.862579940726874,147.5383432835821,30.47000885881525
2025-01-24,AD003,Placements,LinkedIn,22–27 Age,87341,6016,1290,669,315,35138.72,2092169.31,East India,6.887944951397397,5.840877659574469,21.44281914893617,111.55149206349206,59.540282343807625
2025-01-25,AD003,Placements,LinkedIn,22–27 Age,184938,6118,1450,865,478,132226.89,1439934.34,North India,3.308135699531735,21.612763975155282,23.70055573716901,276.62529288702933,10.889875274235067
2025-01-26,AD003,Placements,LinkedIn,22–27 Age,63670,3261,779,463,260,57921.04,1810450.96,North India,5.121721375844197,17.761741796994787,23.888377798221406,222.77323076923076,31.257224663093066
2025-01-27,AD003,Placements,LinkedIn,17–21 Age,182711,13431,2341,1427,816,123017.03,5356819.38,North India,7.3509531445835234,9.159186211004393,17.42982652073561,150.75616421568628,43.54534798962388
2025-01-28,AD003,Placements,LinkedIn,17–21 Age,228212,18002,4371,2526,1404,140065.3,6510695.7,South India,7.888279319229488,7.780541050994334,24.280635484946117,99.76160968660967,46.48328815202624
2025-01-29,AD003,Placements,LinkedIn,25–35 Age,258910,20306,3105,1415,615,196117.34,4520782.34,East India,7.842879765169364,9.658098099084015,15.291046981187826,318.8899837398374,23.05141574936719
2025-01-30,AD003,Placements,LinkedIn,17–21 Age,90143,2803,540,314,175,40656.59,1007449.12,Pan India,3.109503788425058,14.504669996432392,19.265073135925796,232.32337142857142,24.77947904632435
2025-01-31,AD003,Placements,LinkedIn,22–27 Age,85144,3382,587,296,155,42903.25,564840.05,Pan India,3.9720943343042374,12.685762862211709,17.356593731519812,276.7951612903226,13.165437350317285
2025-02-01,AD003,Placements,LinkedIn,25–35 Age,247492,18132,4384,2710,1613,189072.19,6367802.47,East India,7.326297415674042,10.42754191484668,24.17824840061769,117.2177247365158,33.67921252723629
2025-02-02,AD003,Placements,LinkedIn,25–35 Age,131901,8460,1385,816,412,123943.03,2536624.06,East India,6.413901335092229,14.650476359338061,16.371158392434985,300.83259708737864,20.46604847404489
2025-02-03,AD003,Placements,LinkedIn,25–35 Age,228466,8425,1286,782,385,169210.25,1194707.96,East India,3.6876384232227117,20.084302670623146,15.264094955489615,439.50714285714287,7.060494030355726
2025-02-04,AD003,Placements,LinkedIn,17–21 Age,224736,14914,3722,2167,1264,217968.09,3957313.4,West India,6.6362309554321515,14.614998658978141,24.95641678959367,172.44310917721518,18.15547128939837
2025-02-05,AD003,Placements,LinkedIn,25–35 Age,169022,13204,3261,1590,892,147597.12,2727577.06,West India,7.812000804628984,11.178212662829445,24.697061496516206,165.46762331838565,18.479879959717373
2025-02-06,AD003,Placements,LinkedIn,17–21 Age,171440,12089,2871,1782,734,118811.98,2681533.2,North India,7.051446570228652,9.82810654313839,23.748862602365787,161.8691825613079,22.569552329655647
2025-02-07,AD003,Placements,LinkedIn,25–35 Age,157459,9897,2312,1209,650,142696.95,2825372.26,North India,6.285445735080243,14.418202485601698,23.360614327574012,219.53376923076925,19.799808335076534
2025-02-08,AD003,Placements,LinkedIn,22–27 Age,65423,3275,709,417,179,31628.24,642830.89,Pan India,5.005884780581753,9.657477862595421,21.64885496183206,176.69407821229052,20.32458619259244
2025-02-09,AD003,Placements,LinkedIn,25–35 Age,194699,6867,1321,634,310,138099.75,2251050.92,East India,3.52698267582268,20.110637833114897,19.23693024610456,445.48306451612905,16.300180992362403
2025-02-10,AD003,Placements,LinkedIn,17–21 Age,258921,15451,3155,1580,846,123848.52,2990116.79,South India,5.9674572553018095,8.015566629991586,20.41939033072293,146.39304964539008,24.143338894966206
2025-02-11,AD003,Placements,LinkedIn,22–27 Age,127232,9034,1736,1112,517,111616.5,3367905.35,East India,7.100414989939638,12.355158290901041,19.216294000442772,215.8926499032882,30.173902156043237
2025-02-12,AD003,Placements,LinkedIn,17–21 Age,183701,10838,1745,807,469,163799.75,2978652.97,Pan India,5.89980457373667,15.113466506735561,16.100756597158146,349.2531982942431,18.184722321004763
2025-02-13,AD003,Placements,LinkedIn,17–21 Age,61637,4452,790,460,264,35763.23,1837127.99,South India,7.22293427648977,8.033070530098833,17.744833782569632,135.4667803030303,51.369185333651345
2025-02-14,AD003,Placements,LinkedIn,17–21 Age,115475,6434,1594,911,456,55074.85,1536942.26,East India,5.571768781121455,8.559970469381412,24.77463475287535,120.7781798245614,27.906426617594057
2025-02-15,AD003,Placements,LinkedIn,17–21 Age,242487,10557,1644,940,476,137455.2,2658068.14,North India,4.3536354526222025,13.020289855072464,15.572605853935778,288.7714285714286,19.33770523050419
2025-02-16,AD003,Placements,LinkedIn,25–35 Age,236585,7923,1495,848,467,129801.04,3083695.93,East India,3.348902085931061,16.382814590432915,18.869115234128486,277.94655246252677,23.75709724667846
2025-02-17,AD003,Placements,LinkedIn,22–27 Age,109605,8284,1935,1132,663,61086.21,2830034.76,Pan India,7.558049359062087,7.373999275712216,23.35828102366007,92.13606334841629,46.328537324545096
2025-02-18,AD003,Placements,LinkedIn,17–21 Age,59185,4390,1044,588,283,39767.6,1548093.27,North India,7.417419954380334,9.058678815489749,23.78132118451025,140.521554770318,38.928506372021445
2025-02-19,AD003,Placements,LinkedIn,17–21 Age,183593,5650,1015,541,288,78874.38,867564.82,Pan India,3.077459380259596,13.960067256637169,17.964601769911503,273.869375,10.999323481211515
2025-02-20,AD003,Placements,LinkedIn,22–27 Age,115658,6141,1182,685,302,81667.73,2031836.19,South India,5.309619740960417,13.298767301742387,19.247679531021006,270.42294701986754,24.879302877648247
2025-02-21,AD003,Placements,LinkedIn,25–35 Age,125536,6373,1242,763,414,81484.23,3091570.59,South India,5.076631404537344,12.78585124745018,19.488466970029812,196.8218115942029,37.94072288588847
2025-02-22,AD003,Placements,LinkedIn,25–35 Age,279784,19574,4822,2939,1343,143229.35,6633392.34,North India,6.996111285849084,7.317326555635026,24.63471952590171,106.648808637379,46.3130799658031
2025-02-23,AD003,Placements,LinkedIn,22–27 Age,141610,8320,1667,1053,595,71547.48,4297339.82,South India,5.875291292987783,8.59945673076923,20.036057692307693,120.24786554621848,60.062769785882054
2025-02-24,AD003,Placements,LinkedIn,25–35 Age,145064,7505,1364,661,346,74277.51,1181975.04,South India,5.173578558429383,9.897069953364422,18.17455029980013,214.67488439306356,15.912959925554857
2025-02-25,AD003,Placements,LinkedIn,17–21 Age,298028,20642,4696,2781,1630,284889.28,11577295.93,East India,6.926194854174776,13.801437845170042,22.749733552950296,174.7786993865031,40.63787844175814
2025-02-26,AD003,Placements,LinkedIn,22–27 Age,82925,5003,1088,544,317,49214.3,2410736.98,East India,6.033162496231535,9.836957825304818,21.74695182890266,155.25015772870663,48.98448174615914
2025-02-27,AD003,Placements,LinkedIn,22–27 Age,113983,4651,940,445,184,79830.66,692151.2,North India,4.080433047033329,17.164192646742638,20.210707374758115,433.8622826086957,8.670242736312087
2025-02-28,AD003,Placements,LinkedIn,25–35 Age,103093,3235,665,347,181,70779.6,1258576.42,North India,3.1379434103188384,21.8793199381762,20.556414219474497,391.0475138121547,17.781626626881188
2025-03-01,AD003,Placements,LinkedIn,17–21 Age,53653,2463,459,282,149,37104.88,1030118.97,East India,4.590610031125939,15.064912708079577,18.635809987819734,249.02604026845637,27.76235821272027
2025-03-02,AD003,Placements,LinkedIn,17–21 Age,231442,13709,2805,1555,749,207424.01,4028445.09,West India,5.923298277754254,15.13049894230068,20.4610110146619,276.93459279038717,19.4213056145236
2025-03-03,AD003,Placements,LinkedIn,25–35 Age,134246,8250,1329,727,429,78289.58,2346719.0,West India,6.145434500841739,9.489646060606061,16.10909090909091,182.4931934731935,29.974857445907872
2025-03-04,AD003,Placements,LinkedIn,17–21 Age,131176,5409,1273,750,449,67190.07,3326521.1,South India,4.123467707507471,12.421902384914034,23.534849325198742,149.64380846325167,49.509117939600294
2025-03-05,AD003,Placements,LinkedIn,25–35 Age,75507,4191,800,373,220,68079.25,1653602.64,South India,5.5504787635583455,16.244154139823433,19.088523025530897,309.45113636363635,24.28937804103306
2025-03-06,AD003,Placements,LinkedIn,22–27 Age,188977,11714,2647,1690,798,113365.21,5029867.79,East India,6.198637929483483,9.677753969609016,22.59689260713676,142.06166666666667,44.368707031019476
2025-03-07,AD003,Placements,LinkedIn,22–27 Age,252677,9888,1997,964,578,105630.8,3700568.66,North India,3.9132964219141435,10.682726537216828,20.196197411003237,182.7522491349481,35.033045854050144
2025-03-08,AD003,Placements,LinkedIn,17–21 Age,146366,8269,1633,979,429,108116.05,2625145.22,East India,5.649536094448164,13.07486394969162,19.74845809650502,252.01876456876457,24.280809556027993
2025-03-09,AD003,Placements,LinkedIn,25–35 Age,134757,6182,1265,682,294,74426.89,1368570.59,West India,4.587516789480324,12.03928987382724,20.462633451957295,253.15268707482994,18.388120073269217
2025-03-10,AD003,Placements,LinkedIn,22–27 Age,258417,18909,4020,2269,1059,140621.96,7367765.46,North India,7.3172430606345555,7.436774022952033,21.25971759479613,132.78749763928232,52.394131471357674
2025-03-11,AD003,Placements,LinkedIn,22–27 Age,209874,11904,2886,1634,908,156283.1,4945752.52,Pan India,5.671974613339432,13.12862063172043,24.243951612903224,172.11795154185023,31.646112215588246
2025-03-12,AD003,Placements,LinkedIn,17–21 Age,142999,4752,762,444,200,92318.66,795253.41,Pan India,3.323100161539591,19.42732744107744,16.035353535353536,461.5933,8.614221761884325
2025-03-13,AD003,Placements,LinkedIn,17–21 Age,250958,19914,4316,2505,1303,101670.82,4200194.37,Pan India,7.935192342941846,5.105494626895652,21.673194737370693,78.02825786646201,41.31169956138841
2025-03-14,AD003,Placements,LinkedIn,22–27 Age,286615,14860,3405,1582,809,174370.56,6056441.37,North India,5.1846553739336745,11.73422341857335,22.913862718707943,215.5383930778739,34.7331646466009
2025-03-15,AD003,Placements,LinkedIn,17–21 Age,184520,9112,2248,1022,476,93561.23,2941652.56,North India,4.938218079340992,10.267913740122914,24.670763827919227,196.55720588235295,31.440935096727568
2025-03-16,AD003,Placements,LinkedIn,22–27 Age,143329,8242,2029,1135,533,135105.23,2328047.63,Pan India,5.750406407635579,16.39228706624606,24.61781121087115,253.4807317073171,17.231365728773042
2025-03-17,AD003,Placements,LinkedIn,17–21 Age,265195,10327,2049,1182,589,179628.87,4703747.8,South India,3.8941156507475627,17.39409993221652,19.84119298925148,304.9726146010187,26.185923231605255
2025-03-18,AD003,Placements,LinkedIn,17–21 Age,122661,9777,2435,1113,594,87088.41,4550062.67,South India,7.970748648714751,8.907477753912243,24.9053902014933,146.61348484848486,52.24647768859254
2025-03-19,AD003,Placements,LinkedIn,25–35 Age,256063,19097,2939,1547,914,201254.06,5172875.5,East India,7.457930274971394,10.538517044561972,15.389851809184687,220.1904376367615,25.703210658209827
2025-03-20,AD003,Placements,LinkedIn,22–27 Age,107546,4153,907,465,194,97757.51,602706.81,West India,3.8616034069142504,23.53901035396099,21.83963399951842,503.90469072164944,6.165324894220404
2025-03-21,AD003,Placements,LinkedIn,25–35 Age,171811,7500,1283,812,351,97292.61,2485360.11,Pan India,4.365261828404467,12.972348,17.106666666666666,277.18692307692305,25.545209548803346
2025-03-22,AD003,Placements,LinkedIn,25–35 Age,299755,10495,1933,948,547,136254.79,3682668.74,East India,3.5011926406565363,12.98282896617437,18.418294425917104,249.09468007312617,27.02781120575651
2025-03-23,AD003,Placements,LinkedIn,25–35 Age,196757,9869,2126,1008,595,188439.06,4032011.13,North India,5.01583171119706,19.094037896443407,21.542202857432365,316.7043025210084,21.396896853550427
2025-03-24,AD003,Placements,LinkedIn,22–27 Age,99084,7882,1585,875,446,56260.32,3403228.57,Pan India,7.954866577853134,7.137822887591982,20.10910936310581,126.14421524663678,60.49074320942362
2025-03-25,AD003,Placements,LinkedIn,22–27 Age,151038,4667,856,417,238,81008.29,1443400.51,Pan India,3.0899508732901655,17.35767945146775,18.341547032354832,340.3709663865546,17.817935793978616
2025-03-26,AD003,Placements,LinkedIn,22–27 Age,261569,10863,2582,1521,869,245885.34,3687397.28,Pan India,4.153015074416311,22.635122894228115,23.76875632882261,282.95205983889525,14.996409627349072
2025-03-27,AD003,Placements,LinkedIn,22–27 Age,242681,16801,3043,1834,1029,237908.01,7686272.07,Pan India,6.923080092796717,14.160348193559908,18.112017141836795,231.2031195335277,32.30774815021991
2025-03-28,AD003,Placements,LinkedIn,17–21 Age,141344,6626,1362,827,451,134141.85,1833931.99,South India,4.687853746887027,20.24477060066405,20.555387865982492,297.4320399113082,13.67158712959453
2025-03-29,AD003,Placements,LinkedIn,22–27 Age,229820,11047,2019,1120,565,204934.93,2057874.91,East India,4.806805325907232,18.551184031863855,18.276455146193538,362.7166902654867,10.041601546403045
2025-03-30,AD003,Placements,LinkedIn,25–35 Age,67576,2896,633,348,156,59665.14,761451.63,North India,4.285545163963538,20.60260359116022,21.857734806629832,382.46884615384613,12.762085700293337
2025-03-31,AD003,Placements,LinkedIn,22–27 Age,203412,13404,3282,1607,645,201828.55,2389203.56,North India,6.58958173559082,15.057337361981498,24.48522829006267,312.912480620155,11.837787864997297
2025-04-01,AD003,Placements,LinkedIn,22–27 Age,188004,6449,1209,590,328,130079.38,1460235.88,West India,3.4302461649752134,20.170472941541323,18.74709257249186,396.58347560975614,11.225729089422165
2025-04-02,AD003,Placements,LinkedIn,22–27 Age,126338,5512,1277,670,387,68197.68,1772957.17,Pan India,4.3628995235004515,12.372583454281566,23.167634252539912,176.22139534883718,25.997323809255683
2025-04-03,AD003,Placements,LinkedIn,22–27 Age,183191,6099,1415,770,397,74337.41,1467961.39,North India,3.329312029521101,12.18845876373176,23.200524676176425,187.24788413098238,19.747276505866964
2025-04-04,AD003,Placements,LinkedIn,22–27 Age,84849,3217,556,340,176,58482.3,1379402.49,Pan India,3.7914412662494548,18.179142057817845,17.283183089835248,332.28579545454545,23.586666222087707
2025-04-05,AD003,Placements,LinkedIn,25–35 Age,197504,8509,1516,789,455,104867.15,3305228.65,Pan India,4.308267174335709,12.324262545540016,17.81642966271007,230.47725274725275,31.51824618100139
2025-04-06,AD003,Placements,LinkedIn,25–35 Age,69154,4707,1042,628,284,35916.58,1254290.1,West India,6.806547705121901,7.630461015508817,22.13724240492883,126.4668309859155,34.92231442971463
2025-04-07,AD003,Placements,LinkedIn,22–27 Age,289761,22640,4750,2972,1259,178162.37,4800373.55,Pan India,7.813335818139777,7.8693626325088335,20.980565371024735,141.51101667990469,26.94381282646835
2025-04-08,AD003,Placements,LinkedIn,22–27 Age,110803,4456,876,468,219,101061.77,951963.17,North India,4.021551763038906,22.679930430879715,19.658886894075405,461.4692694063927,9.41961703223682
2025-04-09,AD003,Placements,LinkedIn,22–27 Age,239425,15902,2926,1870,851,148342.78,5872468.48,North India,6.6417458494309285,9.328561187272042,18.400201232549364,174.3158401880141,39.587154022595506
2025-04-10,AD003,Placements,LinkedIn,17–21 Age,70240,5540,925,577,307,40196.1,1662472.27,South India,7.887243735763098,7.255613718411552,16.69675090252708,130.93192182410422,41.35904403661052
2025-04-11,AD003,Placements,LinkedIn,25–35 Age,138678,6834,1173,590,294,98499.51,1157268.05,East India,4.927962618439839,14.413156277436347,17.16417910447761,335.0323469387755,11.748972659863995
2025-04-12,AD003,Placements,LinkedIn,22–27 Age,263247,19300,3627,2251,1126,214028.74,8518494.32,West India,7.331517548158193,11.089572020725388,18.792746113989637,190.07880994671402,39.80070302707945
2025-04-13,AD003,Placements,LinkedIn,17–21 Age,171458,10003,1964,1248,648,93164.51,4778046.81,East India,5.834081815954928,9.31365690292912,19.63410976706988,143.77239197530864,51.2861261224902
2025-04-14,AD003,Placements,LinkedIn,22–27 Age,172696,13622,2087,1215,682,172286.34,4380214.3,North India,7.88784916848103,12.647653795331081,15.320804580825136,252.6192668621701,25.42403710009743
2025-04-15,AD003,Placements,LinkedIn,17–21 Age,254916,18774,2891,1575,935,166572.55,5819811.44,Pan India,7.3647789860189246,8.872512517311174,15.39895600298285,178.1524598930481,34.93859846655407
2025-04-16,AD003,Placements,LinkedIn,17–21 Age,297311,12824,2266,1065,566,177196.19,4455320.86,South India,4.313328467496999,13.81754444791017,17.669993761696816,313.0674734982332,25.143434856020324
2025-04-17,AD003,Placements,LinkedIn,22–27 Age,187876,14537,3326,1964,1057,100656.39,4478372.76,Pan India,7.737550299133471,6.924151475545161,22.87954873770379,95.22837275307474,44.49168860516456
2025-04-18,AD003,Placements,LinkedIn,17–21 Age,286470,17503,2821,1744,734,214086.95,2364928.66,South India,6.1098893426885885,12.231443181168943,16.117237045077985,291.6715940054496,11.046580186228072
2025-04-19,AD003,Placements,LinkedIn,22–27 Age,162404,11970,2624,1217,633,107823.72,4731468.72,Pan India,7.3705081155636565,9.007829573934837,21.921470342522976,170.33763033175356,43.88151994755884
2025-04-20,AD003,Placements,LinkedIn,25–35 Age,70773,2354,502,320,137,37944.95,641296.64,South India,3.3261271953993754,16.11935004248088,21.325403568394222,276.97043795620436,16.90071116182786
2025-04-21,AD003,Placements,LinkedIn,25–35 Age,92159,7283,1706,985,420,83018.34,3155986.73,West India,7.902646513091504,11.39892077440615,23.424413016614032,197.6627142857143,38.01553644652495
2025-04-22,AD003,Placements,LinkedIn,17–21 Age,214210,12044,2322,1116,510,92410.0,4047072.48,East India,5.622519957051492,7.672700099634673,19.27930919960146,181.19607843137254,43.794746023157664
2025-04-23,AD003,Placements,LinkedIn,17–21 Age,89597,3957,914,497,220,56902.12,917613.33,East India,4.416442514816344,14.380116249684106,23.098306798079353,258.646,16.126171221740066
2025-04-24,AD003,Placements,LinkedIn,22–27 Age,219815,15931,2530,1544,888,106057.04,6164863.67,Pan India,7.247458089757296,6.657274496265143,15.880986755382587,119.4336036036036,58.12781188311497
2025-04-25,AD003,Placements,LinkedIn,17–21 Age,155800,6865,1272,765,363,69361.47,1831892.26,East India,4.406290115532734,10.103637290604516,18.528769118718134,191.0784297520661,26.41080501898244
2025-04-26,AD003,Placements,LinkedIn,25–35 Age,78865,2545,595,378,152,70156.08,1136108.87,Pan India,3.227033538324986,27.566239685658154,23.37917485265226,461.55315789473684,16.194018679492928
2025-04-27,AD003,Placements,LinkedIn,25–35 Age,106441,7731,1827,1072,449,93059.67,1626663.82,Pan India,7.26317866235755,12.03720993403182,23.63213038416764,207.25984409799554,17.479793556112977
2025-04-28,AD003,Placements,LinkedIn,22–27 Age,108582,6075,1445,861,472,61991.73,2863429.47,South India,5.594849975134,10.2044,23.786008230452673,131.33841101694915,46.1905075080176
2025-04-29,AD003,Placements,LinkedIn,22–27 Age,203313,15538,2353,1144,655,145045.48,4987053.71,West India,7.642403584620758,9.334887372892265,15.143519114429141,221.44348091603055,34.382689553648966
2025-04-30,AD003,Placements,LinkedIn,25–35 Age,220384,8142,1402,907,369,152034.62,2102559.65,Pan India,3.6944605779003923,18.672883812331122,17.219356423483173,412.0179403794038,13.829479430408679
2025-05-01,AD002,MBA Admission,Facebook,21–35 Age,240139,11309,1987,1165,696,180456.12,4208817.85,Pan India,4.709355831414306,15.956859138739057,17.57007692987886,259.27603448275863,23.323220348525723
2025-05-01,AD003,Placements,LinkedIn,22–27 Age,289903,22942,4003,2536,1136,276281.53,6468438.06,East India,7.913681472768477,12.042608752506322,17.448348008020226,243.2055721830986,23.412488196369836
2025-05-02,AD002,MBA Admission,Facebook,21–35 Age,145953,6934,1681,974,435,80170.2,2531628.96,West India,4.750844449925661,11.561897894433228,24.242861263340064,184.29931034482757,31.57817942327698
2025-05-02,AD003,Placements,LinkedIn,17–21 Age,224774,8087,1510,927,437,144246.98,2806122.06,Pan India,3.5978360486533143,17.83689625324595,18.671942623964387,330.08462242562933,19.453593135884024
2025-05-03,AD002,MBA Admission,Facebook,21–35 Age,125764,4601,978,630,302,67771.58,2349380.39,North India,3.658439617060526,14.729750054336014,21.25624864159965,224.40920529801326,34.66615932519206
2025-05-03,AD003,Placements,LinkedIn,22–27 Age,283215,9156,1720,956,382,274488.3,1491751.11,East India,3.2328796144272016,29.979062909567496,18.785495849716032,718.5557591623036,5.43466191455155
2025-05-04,AD002,MBA Admission,Facebook,21–35 Age,254360,11109,2734,1480,668,226644.84,2792259.85,North India,4.367431986161346,20.401911963273022,24.610676028445404,339.28868263473055,12.319979797466381
2025-05-04,AD003,Placements,LinkedIn,25–35 Age,67770,4813,744,355,155,62523.21,1032514.49,South India,7.101962520289214,12.990486183253688,15.458134219821318,403.3755483870968,16.514099164134407
2025-05-05,AD002,MBA Admission,Facebook,21–35 Age,208578,12706,2381,1311,655,116823.1,2987311.77,West India,6.091725877129899,9.194325515504486,18.739178340941287,178.35587786259543,25.57124207455546
2025-05-05,AD003,Placements,LinkedIn,22–27 Age,104892,8197,1255,616,347,51518.58,2149275.48,East India,7.814704648590931,6.2850530681956815,15.310479443698915,148.468530259366,41.71845342010591
2025-05-06,AD002,MBA Admission,Facebook,21–35 Age,174201,12488,2889,1838,796,133968.34,4993434.23,West India,7.16873037468212,10.727765855221012,23.134208840486867,168.30193467336682,37.273241050833356
2025-05-06,AD003,Placements,LinkedIn,22–27 Age,204932,9551,2028,1175,688,119604.48,2530463.62,South India,4.6605703355259305,12.522718039995812,21.23337870380065,173.84372093023256,21.156930074860075
2025-05-07,AD002,MBA Admission,Facebook,21–35 Age,281251,18428,4606,2913,1585,223349.7,7253636.47,Pan India,6.552154481228511,12.120126980681572,24.994573475146517,140.91463722397478,32.476589267861115
2025-05-07,AD003,Placements,LinkedIn,22–27 Age,126647,7408,1738,883,464,97271.17,1785615.46,Pan India,5.849329237960631,13.130557505399567,23.46112311015119,209.6361422413793,18.357088333573042
2025-05-08,AD002,MBA Admission,Facebook,21–35 Age,97979,3175,583,301,168,58564.33,529563.73,East India,3.2404903091478787,18.445458267716536,18.362204724409448,348.5972023809524,9.042427873758651
2025-05-08,AD003,Placements,LinkedIn,25–35 Age,154994,5796,1347,863,431,121038.69,2196417.22,South India,3.739499593532653,20.88314182194617,23.24016563146998,280.8322273781903,18.14640607891576
2025-05-09,AD002,MBA Admission,Facebook,21–35 Age,258980,19662,3598,1763,758,228071.85,4909073.61,North India,7.59209205344042,11.599626182483979,18.299257450920557,300.88634564643803,21.524241637010444
2025-05-09,AD003,Placements,LinkedIn,22–27 Age,108431,6177,1134,595,240,100523.61,897404.11,East India,5.696710350361059,16.273856240893636,18.358426420592522,418.848375,8.92729688080243
2025-05-10,AD002,MBA Admission,Facebook,21–35 Age,51259,3592,541,312,131,24423.78,722680.3,Pan India,7.007549893677208,6.799493318485523,15.061247216035634,186.44106870229007,29.58920773115382
2025-05-10,AD003,Placements,LinkedIn,22–27 Age,128908,5068,994,535,273,101891.88,1320648.36,Pan India,3.93148602103826,20.10494869771113,19.613259668508288,373.2303296703297,12.961271889379214
2025-05-11,AD002,MBA Admission,Facebook,21–35 Age,107884,5598,1238,596,240,51643.69,862353.37,South India,5.188906603388825,9.225382279385496,22.11504108610218,215.18204166666666,16.698136209864167
2025-05-11,AD003,Placements,LinkedIn,22–27 Age,281759,18036,3182,2035,1042,149263.62,7035403.19,Pan India,6.4012152229387524,8.275871590153027,17.64249279219339,143.24723608445296,47.134078551759636
2025-05-12,AD002,MBA Admission,Facebook,21–35 Age,109219,6309,1002,621,302,80141.73,1535750.35,Pan India,5.776467464452155,12.702762719923918,15.882073228720875,265.3699668874172,19.16292984940555
2025-05-12,AD003,Placements,LinkedIn,17–21 Age,56655,3075,664,314,152,22689.88,1129547.78,Pan India,5.427588032830288,7.3788227642276425,21.59349593495935,149.27552631578948,49.782007661565416
2025-05-13,AD002,MBA Admission,Facebook,21–35 Age,127468,5926,1247,622,336,101926.37,1859496.88,North India,4.649009947594691,17.199859939250757,21.042861964225448,303.35229166666664,18.243530893918816
2025-05-13,AD003,Placements,LinkedIn,22–27 Age,263989,20499,4960,3112,1581,241710.75,10422582.66,East India,7.765096272950767,11.791343480169765,24.196302258646764,152.884724857685,43.12006255410651
2025-05-14,AD002,MBA Admission,Facebook,21–35 Age,216556,14437,2858,1623,754,187567.69,2602263.33,North India,6.66663588171189,12.992151416499272,19.796356583777794,248.7635145888594,13.87372915879062
2025-05-14,AD003,Placements,LinkedIn,25–35 Age,176419,6312,1409,877,517,156086.32,3922073.17,North India,3.5778459236250066,24.72850443599493,22.32256020278834,301.9077756286267,25.12759074594109
2025-05-15,AD002,MBA Admission,Facebook,21–35 Age,104288,4814,768,360,179,86527.19,937902.93,West India,4.616063209573489,17.974073535521395,15.953469048608227,483.3921229050279,10.839401233300192
2025-05-15,AD003,Placements,LinkedIn,25–35 Age,246319,18568,2933,1874,956,223803.59,5348861.97,Pan India,7.538192344074147,12.053187742352435,15.795993106419647,234.10417364016737,23.899804154169285
2025-05-16,AD002,MBA Admission,Facebook,21–35 Age,272620,19195,3980,1800,723,190013.67,4634332.36,East India,7.04093610153327,9.899123209169055,20.734566293305548,262.8128215767635,24.38946818931501
2025-05-16,AD003,Placements,LinkedIn,17–21 Age,135416,9754,1804,831,444,111777.17,2526118.07,West India,7.202989307024281,11.459623744104983,18.494976419930286,251.7503828828829,22.59958871744561
2025-05-17,AD002,MBA Admission,Facebook,21–35 Age,205846,16047,2839,1461,602,109111.63,3266642.53,Pan India,7.795633629023639,6.799503333956503,17.691780395089424,181.24855481727576,29.938536616124235
2025-05-17,AD003,Placements,LinkedIn,17–21 Age,277369,9937,2473,1558,780,197982.71,4085031.86,West India,3.5825921425970457,19.923790882560127,24.886786756566366,253.82398717948718,20.633275804740727
2025-05-18,AD002,MBA Admission,Facebook,21–35 Age,73028,3043,537,345,157,45541.08,698667.79,North India,4.166894889631374,14.965849490634243,17.647058823529413,290.07057324840764,15.341484874754837
2025-05-18,AD003,Placements,LinkedIn,17–21 Age,154431,8758,1526,770,401,67378.69,3182834.15,South India,5.671141156892075,7.693387759762503,17.42406942224252,168.02665835411472,47.23799394140788
2025-05-19,AD002,MBA Admission,Facebook,21–35 Age,129271,8596,1731,909,413,61223.52,3212616.4,East India,6.6495965839206015,7.122326663564448,20.137273150302466,148.2409685230024,52.47356571461425
2025-05-19,AD003,Placements,LinkedIn,25–35 Age,294707,9304,1777,925,464,171711.35,1435655.76,Pan India,3.157033935400245,18.4556481083405,19.099312123817715,370.0675646551724,8.360867001511549
2025-05-20,AD002,MBA Admission,Facebook,21–35 Age,163842,7426,1233,778,374,74194.66,2531863.85,North India,4.53241537578887,9.991201185025586,16.603824400754107,198.3814438502674,34.124610180840506
2025-05-20,AD003,Placements,LinkedIn,25–35 Age,170906,10548,1817,1173,608,123281.41,2911291.7,Pan India,6.171813745567739,11.68765737580584,17.226014410314754,202.76547697368423,23.61500975694551
2025-05-21,AD002,MBA Admission,Facebook,21–35 Age,61054,3895,951,543,240,25073.99,1266941.77,Pan India,6.379598388311986,6.437481386392812,24.41591784338896,104.47495833333333,50.52812775310192
2025-05-21,AD003,Placements,LinkedIn,22–27 Age,121352,4064,696,357,180,54958.71,941034.3,South India,3.3489353286307604,13.523304625984252,17.125984251968504,305.32616666666667,17.12256892492564
2025-05-22,AD002,MBA Admission,Facebook,21–35 Age,109881,4764,991,450,232,99134.91,1580447.82,North India,4.3355994211920175,20.809175062972294,20.801847187237616,427.3056465517242,15.942394258490777
2025-05-22,AD003,Placements,LinkedIn,17–21 Age,228338,16682,2885,1390,593,202855.34,4698879.46,Pan India,7.305836085101911,12.160133077568636,17.2940894377173,342.0832040472175,23.163696159046147
2025-05-23,AD002,MBA Admission,Facebook,21–35 Age,138950,8247,1433,743,371,87585.26,2275198.26,East India,5.935228499460238,10.620257063174487,17.37601552079544,236.07886792452828,25.97695388470617
2025-05-23,AD003,Placements,LinkedIn,25–35 Age,81571,6335,1288,609,288,69379.64,1003969.21,North India,7.766240453102205,10.951797947908444,20.331491712707184,240.90152777777777,14.470660412766627
2025-05-24,AD002,MBA Admission,Facebook,21–35 Age,261935,11611,1967,1027,604,209519.18,3096991.33,North India,4.432779124591979,18.044886745327705,16.94083196968392,346.88605960264897,14.781421586319688
2025-05-24,AD003,Placements,LinkedIn,22–27 Age,107849,6825,1489,749,394,81201.03,1255931.71,Pan India,6.32829233465308,11.897586813186813,21.816849816849818,206.0939847715736,15.466943091731718
2025-05-25,AD002,MBA Admission,Facebook,21–35 Age,199889,7676,1181,628,295,160449.25,1422894.37,East India,3.8401312728564356,20.90271625846795,15.385617509119335,543.8957627118644,8.868189598891862
2025-05-25,AD003,Placements,LinkedIn,17–21 Age,221701,9472,2148,1063,587,167627.5,3363822.07,North India,4.2724209633695835,17.697160050675677,22.677364864864867,285.5664395229983,20.06724475399323
2025-05-26,AD002,MBA Admission,Facebook,21–35 Age,95432,7312,1525,799,461,75781.68,2142553.82,Pan India,7.662000167658648,10.36401531728665,20.85612691466083,164.3854229934924,28.272714724719748
2025-05-26,AD003,Placements,LinkedIn,25–35 Age,258060,19102,4745,2505,1316,149089.16,8726521.35,Pan India,7.40215453770441,7.80489791644854,24.84033085540781,113.28963525835867,58.53223232326213
2025-05-27,AD002,MBA Admission,Facebook,21–35 Age,161958,8826,1937,906,520,70025.64,3944515.61,North India,5.449560997295595,7.934017675050986,21.946521640607298,134.66469230769232,56.32959027579041
2025-05-27,AD003,Placements,LinkedIn,22–27 Age,298878,16202,3092,1903,1055,156885.58,7149953.98,West India,5.420940985954135,9.683099617331193,19.08406369584002,148.70671090047392,45.574322254473614
2025-05-28,AD002,MBA Admission,Facebook,21–35 Age,107903,3524,729,457,206,103430.57,1353200.37,West India,3.265896221606443,29.350332009080592,20.68671963677639,502.09014563106797,13.083176182824864
2025-05-28,AD003,Placements,LinkedIn,22–27 Age,173020,10599,1880,1217,720,77910.38,3240631.4,North India,6.125881400994105,7.350729314086235,17.737522407774318,108.20886111111112,41.594347248723466
2025-05-29,AD002,MBA Admission,Facebook,21–35 Age,208326,16547,2535,1311,579,128714.62,2105892.51,West India,7.942839587953496,7.778728470417598,15.31999758264338,222.3050431778929,16.36094260310134
2025-05-29,AD003,Placements,LinkedIn,17–21 Age,254367,11373,2455,1286,523,144783.34,3534997.28,Pan India,4.4710988453690925,12.730444034115887,21.58621296052053,276.83239005736135,24.415773803809195
2025-05-30,AD002,MBA Admission,Facebook,21–35 Age,221642,16515,3805,2059,1044,213043.67,5794495.52,East India,7.45120509650698,12.90001029367242,23.039660914320315,204.06481800766284,27.198627962051155
2025-05-30,AD003,Placements,LinkedIn,22–27 Age,171248,12218,1850,1118,623,161173.5,4380151.08,West India,7.134681864897692,13.191479783925356,15.141594368963823,258.70545746388444,27.176620722389227
2025-05-31,AD002,MBA Admission,Facebook,21–35 Age,172441,10888,1929,985,439,111414.3,2807015.16,Pan India,6.31404364391299,10.232760837619399,17.716752387950034,253.79111617312074,25.194388512067125
2025-05-31,AD003,Placements,LinkedIn,22–27 Age,79898,3387,708,348,144,46053.63,664446.17,North India,4.239154922526221,13.597174490699734,20.90345438441098,319.816875,14.427661185448358
2025-06-01,AD002,MBA Admission,Facebook,21–35 Age,179655,5969,1158,725,292,107637.78,1673092.65,East India,3.322479196237232,18.0327994638968,19.400234545149942,368.62253424657536,15.54373055631582
2025-06-02,AD002,MBA Admission,Facebook,21–35 Age,112007,7687,1249,590,333,69690.34,1849660.24,Pan India,6.862963921897738,9.065999739820475,16.24821126577338,209.2803003003003,26.54112808173988
2025-06-03,AD002,MBA Admission,Facebook,21–35 Age,77080,2952,558,255,145,53641.08,668676.1,East India,3.829787234042553,18.17109756097561,18.902439024390244,369.9384827586207,12.46574640182487
2025-06-04,AD002,MBA Admission,Facebook,21–35 Age,247271,13740,2356,1075,541,224942.73,3479855.38,Pan India,5.556656461938521,16.37137772925764,17.147016011644833,415.7906284658041,15.469961531986385
2025-06-05,AD002,MBA Admission,Facebook,21–35 Age,228774,15253,3595,2264,989,192239.45,3767177.71,West India,6.667278624319197,12.60338621910444,23.56913394086409,194.37760364004046,19.596278027220738
2025-06-06,AD002,MBA Admission,Facebook,21–35 Age,140336,10973,2525,1411,738,101941.71,3405726.7,West India,7.81909132368031,9.290231477262372,23.011027066435798,138.13239837398376,33.408569465825124
2025-06-07,AD002,MBA Admission,Facebook,21–35 Age,255443,9636,2306,1082,528,108919.31,1641515.54,South India,3.7722701346288607,11.303373806558739,23.931091739310915,206.28657196969698,15.070932234146545
2025-06-08,AD002,MBA Admission,Facebook,21–35 Age,153084,4907,999,538,307,97654.25,1586488.03,North India,3.205429698727496,19.901008762991644,20.358671285918074,318.09201954397395,16.24597014466856
2025-06-09,AD002,MBA Admission,Facebook,21–35 Age,114699,4802,801,375,175,79599.73,1126490.56,South India,4.1866101709692325,16.576370262390668,16.680549770928778,454.8556,14.15193946009616
2025-06-10,AD002,MBA Admission,Facebook,21–35 Age,228607,11316,2761,1577,831,199079.5,5513047.86,West India,4.949979659415503,17.592744786143513,24.39908094733121,239.5661853188929,27.692694928408
2025-06-11,AD002,MBA Admission,Facebook,21–35 Age,115246,7658,1593,756,338,111946.04,2482396.52,South India,6.644916092532497,14.6181822930269,20.801775920605902,331.2013017751479,22.174938211302518
2025-06-12,AD002,MBA Admission,Facebook,21–35 Age,265508,9396,1593,898,489,184408.86,2219084.95,West India,3.538876418036368,19.626315453384418,16.954022988505745,377.1142331288343,12.033505060440156
2025-06-13,AD002,MBA Admission,Facebook,21–35 Age,52092,2486,570,350,191,35363.69,1423038.59,South India,4.772325884972741,14.22513676588898,22.928399034593724,185.15020942408378,40.24010475151207
2025-06-14,AD002,MBA Admission,Facebook,21–35 Age,287149,12655,2180,1116,601,241881.98,4227409.95,East India,4.407119648684132,19.113550375345714,17.226392730146188,402.4658569051581,17.47715952217689
2025-06-15,AD002,MBA Admission,Facebook,21–35 Age,149833,7012,1494,738,297,131425.41,1614620.18,West India,4.679876929648342,18.742927837992013,21.306332002281803,442.509797979798,12.285449061943195
2025-06-16,AD002,MBA Admission,Facebook,21–35 Age,255927,12698,2565,1291,774,163441.21,4081467.0,West India,4.961571073001285,12.871413608442273,20.200031501023783,211.16435400516795,24.97208017488368
2025-06-17,AD002,MBA Admission,Facebook,21–35 Age,234335,11764,1932,992,435,164277.08,1544374.71,East India,5.020163441227303,13.964389663379801,16.42298537912275,377.6484597701149,9.401035798785808
2025-06-18,AD002,MBA Admission,Facebook,21–35 Age,146202,11655,2425,1140,460,79710.71,2166582.31,North India,7.971847170353347,6.839185757185758,20.806520806520805,173.28415217391307,27.18056720357904
2025-06-19,AD002,MBA Admission,Facebook,21–35 Age,169807,5900,1002,543,271,167493.6,1293759.11,West India,3.4745328520025676,28.388745762711867,16.983050847457626,618.0575645756458,7.724230119837415
2025-06-20,AD002,MBA Admission,Facebook,21–35 Age,51060,2259,559,276,121,41121.18,556625.17,Pan India,4.424206815511163,18.203266932270918,24.745462594068172,339.84446280991733,13.536215886800914
2025-06-21,AD002,MBA Admission,Facebook,21–35 Age,299910,23654,5219,2461,1471,147276.92,7040894.91,East India,7.887032776499617,6.226300837067727,22.06392153546969,100.12027192386132,47.80718465595288
2025-06-22,AD002,MBA Admission,Facebook,21–35 Age,118757,6909,1251,711,363,97100.84,2733839.18,East India,5.81776232137895,14.05425387176147,18.106817194963092,267.49542699724515,28.154639856874567
2025-06-23,AD002,MBA Admission,Facebook,21–35 Age,215965,16744,3264,1645,772,138966.8,3706914.65,Pan India,7.753108142523094,8.299498327759197,19.493549928332538,180.00880829015543,26.674821971866663
2025-06-24,AD002,MBA Admission,Facebook,21–35 Age,251296,15390,3332,1741,721,235593.68,5070650.21,Pan India,6.124251878263085,15.308231319038336,21.650422352176736,326.75961165048545,21.522861776258175
2025-06-25,AD002,MBA Admission,Facebook,21–35 Age,58479,3449,525,332,138,36555.38,944561.57,Pan India,5.897843670377401,10.598834444766599,15.22180342128153,264.8940579710145,25.83919439491533
2025-06-26,AD002,MBA Admission,Facebook,21–35 Age,89905,4837,875,550,241,51333.26,1062504.38,Pan India,5.380123463656082,10.612623526979533,18.08972503617945,213.0010788381743,20.698166841537045
2025-06-27,AD002,MBA Admission,Facebook,21–35 Age,92090,5092,879,474,260,84474.07,1445950.1,Pan India,5.529373439027039,16.589565985860173,17.262372348782403,324.90026923076925,17.117088119466718
2025-06-28,AD002,MBA Admission,Facebook,21–35 Age,118966,6945,1680,1063,602,86687.2,1924916.2,North India,5.837802397323605,12.481958243340532,24.190064794816415,143.9986710963455,22.205310587953008
2025-06-29,AD002,MBA Admission,Facebook,21–35 Age,54787,2701,414,256,108,23226.4,639599.7,Pan India,4.930001642725465,8.59918548685672,15.327656423546834,215.05925925925928,27.53761667757379
2025-06-30,AD002,MBA Admission,Facebook,21–35 Age,81314,3799,757,427,191,47760.64,1085518.31,East India,4.672012199621221,12.571897867859963,19.92629639378784,250.05570680628273,22.728303263942863
2025-07-01,AD002,MBA Admission,Facebook,21–35 Age,92036,5655,1370,718,314,63223.93,1366952.36,Pan India,6.144334825503064,11.180182139699381,24.2263483642794,201.3500955414013,21.620806552202623
2025-07-02,AD002,MBA Admission,Facebook,21–35 Age,269403,18663,4144,2502,1360,150891.95,8181786.32,South India,6.927539782407768,8.08508546321599,22.20436157102288,110.94996323529412,54.222815199883094
2025-07-03,AD002,MBA Admission,Facebook,21–35 Age,56759,4315,975,572,279,47812.04,1401844.34,Pan India,7.602318575027748,11.080426419466976,22.595596755504054,171.36931899641579,29.319902267295017
2025-07-04,AD002,MBA Admission,Facebook,21–35 Age,294725,14169,3083,1956,783,267573.94,2450851.61,East India,4.807532445500042,18.884461853341804,21.75876914390571,341.7291698595147,9.15953029656027
2025-07-05,AD002,MBA Admission,Facebook,21–35 Age,284349,9408,1926,1228,734,145135.47,3166144.83,Pan India,3.308610193811126,15.426814413265307,20.471938775510203,197.73224795640328,21.815100264601067
2025-07-06,AD002,MBA Admission,Facebook,21–35 Age,215773,11011,2592,1638,787,114990.31,3955862.49,East India,5.103048110746015,10.443221324130414,23.540096267368995,146.11221092757305,34.401702978277044
2025-07-07,AD002,MBA Admission,Facebook,21–35 Age,265814,18135,3413,1802,979,178983.87,4945617.34,Pan India,6.822439751104155,9.86952688172043,18.819961400606562,182.82315628192032,27.631637085509436
2025-07-08,AD002,MBA Admission,Facebook,21–35 Age,254425,11942,2510,1384,700,163582.32,5486851.24,North India,4.693721135894664,13.69806732540613,21.01825489867694,233.6890285714286,33.54183532792541
2025-07-09,AD002,MBA Admission,Facebook,21–35 Age,259369,9336,2252,1107,588,154589.95,3499060.17,South India,3.599504952403718,16.55847793487575,24.121679520137103,262.90807823129256,22.634460843023753
2025-07-10,AD002,MBA Admission,Facebook,21–35 Age,221044,13069,2745,1298,558,160690.05,3236187.64,North India,5.912397531713143,12.295512280970234,21.003902364373708,287.97499999999997,20.13931565769007
2025-07-11,AD002,MBA Admission,Facebook,21–35 Age,94706,5747,890,494,278,65416.27,2144560.42,Pan India,6.068253331362321,11.382681398990778,15.486340699495388,235.31032374100718,32.78328801076552
2025-07-12,AD002,MBA Admission,Facebook,21–35 Age,176503,10957,1846,985,397,145083.42,1468396.6,East India,6.207826495866926,13.241162727023822,16.847677283928082,365.4494206549119,10.121050358476523
2025-07-13,AD002,MBA Admission,Facebook,21–35 Age,237358,14516,2484,1272,548,133175.25,4227791.02,South India,6.115656518844951,9.174376550013777,17.112152108018737,243.0205291970803,31.746071586124295
2025-07-14,AD002,MBA Admission,Facebook,21–35 Age,50848,3877,825,405,190,43221.5,1323600.99,West India,7.624685336689742,11.148181583698737,21.27933969564096,227.48157894736843,30.623670858253416
2025-07-15,AD002,MBA Admission,Facebook,21–35 Age,96272,7109,1160,673,373,61170.4,1645196.91,Pan India,7.384286189130797,8.60464200309467,16.317344211562805,163.99571045576408,26.89531064044047
2025-07-16,AD002,MBA Admission,Facebook,21–35 Age,163136,7760,1293,616,309,81536.18,1996807.57,South India,4.756767359748921,10.507239690721649,16.662371134020617,263.87113268608414,24.489834696695382
2025-07-17,AD002,MBA Admission,Facebook,21–35 Age,224881,13220,2919,1678,726,209811.4,4054985.75,South India,5.878664716005353,15.870756429652042,22.08018154311649,288.9964187327824,19.326813271347508
2025-07-18,AD002,MBA Admission,Facebook,21–35 Age,107896,6609,1436,892,459,104215.29,2367563.22,East India,6.1253429228145615,15.76869269178393,21.7279467392949,227.04856209150324,22.718002511915483
2025-07-19,AD002,MBA Admission,Facebook,21–35 Age,100529,3042,580,326,173,52428.0,1269806.24,East India,3.0259924996767102,17.234714003944774,19.066403681788298,303.05202312138726,24.22000152590219
2025-07-20,AD002,MBA Admission,Facebook,21–35 Age,59847,4601,734,338,157,24579.52,524652.69,North India,7.687937574147409,5.3422125624864165,15.953053683981743,156.55745222929937,21.345115364335836
2025-07-21,AD002,MBA Admission,Facebook,21–35 Age,183044,9780,2113,1094,518,149648.03,2135225.13,East India,5.342977644719302,15.301434560327198,21.605316973415135,288.8958108108108,14.268314323950673
2025-07-22,AD002,MBA Admission,Facebook,21–35 Age,295519,20154,3461,1995,1138,221471.19,8555769.92,North India,6.8198660661412625,10.988944626376899,17.172769673513944,194.61440246045694,38.6315254819374
2025-07-23,AD002,MBA Admission,Facebook,21–35 Age,102281,7277,1524,814,398,41674.82,2247547.73,North India,7.114713387628201,5.7269231826302045,20.942696166002474,104.71060301507538,53.93059238168275
2025-07-24,AD002,MBA Admission,Facebook,21–35 Age,69228,2248,378,231,127,47888.71,980730.14,North India,3.2472410007511407,21.302806939501778,16.814946619217082,377.0764566929134,20.479360166519417
2025-07-25,AD002,MBA Admission,Facebook,21–35 Age,195078,11378,2824,1362,720,101190.07,4473021.84,North India,5.832538779360051,8.893484795218844,24.819827737739498,140.5417638888889,44.204157977161195
2025-07-26,AD002,MBA Admission,Facebook,21–35 Age,98148,6924,1556,839,415,82010.11,2689713.42,East India,7.0546521579655215,11.844325534373194,22.472559214326978,197.61472289156626,32.797339498752045
2025-07-27,AD002,MBA Admission,Facebook,21–35 Age,288669,16685,2685,1692,697,197363.38,2266273.4,West India,5.779976374324919,11.828791129757267,16.09229847168115,283.16123385939744,11.482745177955504
2025-07-28,AD002,MBA Admission,Facebook,21–35 Age,228940,7307,1297,812,445,100965.24,1835902.46,South India,3.1916659386738884,13.817605036266594,17.75010264130286,226.88817977528092,18.18351008723398
2025-07-29,AD002,MBA Admission,Facebook,21–35 Age,103373,6280,1324,665,319,91234.94,1337659.86,Pan India,6.075087305195748,14.52785668789809,21.0828025477707,286.002946708464,14.661705920999127
2025-07-30,AD002,MBA Admission,Facebook,21–35 Age,183663,7335,1401,843,357,159534.43,2405412.18,Pan India,3.993727642475621,21.74975187457396,19.100204498977504,446.87515406162464,15.07769940319466
2025-07-31,AD002,MBA Admission,Facebook,21–35 Age,125289,5916,1354,610,295,81381.38,2009705.99,North India,4.721883006488997,13.756149425287358,22.88708586883029,275.86908474576273,24.694911661611044
2025-08-01,AD002,MBA Admission,Facebook,21–35 Age,82289,2865,627,344,153,72603.02,791070.5,Pan India,3.4816318098409265,25.341368237347297,21.8848167539267,474.5295424836602,10.895834636079876
2025-08-02,AD002,MBA Admission,Facebook,21–35 Age,122204,4702,1151,571,334,64654.83,1107200.51,South India,3.84766456089817,13.750495533815398,24.47894512973203,193.5773353293413,17.12479191423131
2025-08-03,AD002,MBA Admission,Facebook,21–35 Age,282568,20991,3160,1720,1027,254928.95,4693041.45,North India,7.428654341609807,12.144678671811729,15.054070792244294,248.22682570593963,18.409213429859573
2025-08-04,AD002,MBA Admission,Facebook,21–35 Age,276741,8329,2013,1048,550,241422.3,3218248.07,West India,3.009673304642247,28.985748589266418,24.168567655180695,438.94963636363633,13.330367865768821
2025-08-05,AD002,MBA Admission,Facebook,21–35 Age,276190,8837,1345,850,400,258734.91,1603909.43,West India,3.1996089648430424,29.278591150843045,15.220097318094375,646.837275,6.199045308574711
2025-08-06,AD002,MBA Admission,Facebook,21–35 Age,157823,7462,1653,1051,551,152142.2,2267468.26,West India,4.728081458342573,20.38893058161351,22.152238005896542,276.12014519056265,14.90361162123329
2025-08-07,AD002,MBA Admission,Facebook,21–35 Age,168164,12919,3045,1753,778,141390.11,3060297.73,West India,7.682381484741086,10.944354052171219,23.569935753541298,181.73535989717223,21.64435496938223
2025-08-08,AD002,MBA Admission,Facebook,21–35 Age,196818,10477,1940,1106,531,148549.07,4182575.02,South India,5.323191984472965,14.178588336355828,18.516750978333494,279.75342749529193,28.156184485032455
2025-08-09,AD002,MBA Admission,Facebook,21–35 Age,87549,4272,877,466,259,55978.68,1264912.83,North India,4.879553164513586,13.103623595505619,20.529026217228463,216.13389961389962,22.59633185348422
2025-08-10,AD002,MBA Admission,Facebook,21–35 Age,209975,7033,1633,987,489,104015.44,3787589.47,West India,3.3494463626622215,14.789626048627897,23.219109910422294,212.71051124744378,36.41372348182155
2025-08-11,AD002,MBA Admission,Facebook,21–35 Age,248579,16137,3772,2122,1032,155529.26,3706021.15,North India,6.491698816070544,9.638052921856604,23.374852822705584,150.70664728682172,23.828449707791318
2025-08-12,AD002,MBA Admission,Facebook,21–35 Age,105929,6513,1176,544,290,45471.22,1842642.34,North India,6.148457929367784,6.981609089513281,18.056195301704285,156.7973103448276,40.52326592512803
2025-08-13,AD002,MBA Admission,Facebook,21–35 Age,285906,22490,5143,2920,1595,142184.53,5142498.68,North India,7.8662217651955535,6.322122276567363,22.867941307247666,89.14390595611285,36.16777915290784
2025-08-14,AD002,MBA Admission,Facebook,21–35 Age,114829,6699,1279,675,334,87179.3,2116901.47,West India,5.833892135261999,13.013778175847142,19.09240185102254,261.01586826347307,24.282157232278767
2025-08-15,AD002,MBA Admission,Facebook,21–35 Age,139439,8820,2115,1244,610,68482.23,2965372.21,East India,6.325346567316174,7.7644251700680265,23.97959183673469,112.26595081967213,43.3013383179841
2025-08-16,AD002,MBA Admission,Facebook,21–35 Age,156143,12051,2488,1574,776,67878.95,6203499.93,North India,7.717925235201066,5.632640444776367,20.645589577628414,87.4728737113402,91.39062890631043
2025-08-17,AD002,MBA Admission,Facebook,21–35 Age,240812,8480,1398,794,351,97560.76,2504594.84,East India,3.521419198378818,11.504806603773584,16.485849056603776,277.9508831908832,25.67215384546
2025-08-18,AD002,MBA Admission,Facebook,21–35 Age,138243,8910,1845,909,537,101458.77,3422258.08,South India,6.445172630802283,11.38706734006734,20.707070707070706,188.93625698324024,33.73052994827357
2025-08-19,AD002,MBA Admission,Facebook,21–35 Age,218087,9347,2279,1102,475,204860.79,2934887.01,East India,4.285904249221641,21.917277201241042,24.382154702043437,431.28587368421057,14.326250572400896
2025-08-20,AD002,MBA Admission,Facebook,21–35 Age,120567,7874,1738,882,513,85980.89,2514070.68,East India,6.530808596050329,10.919594869189739,22.07264414528829,167.60407407407408,29.239877372751085
2025-08-21,AD002,MBA Admission,Facebook,21–35 Age,60672,4419,871,435,245,51458.58,887743.91,North India,7.283425632911393,11.644847250509166,19.710341706268387,210.03502040816326,17.251620818141504
2025-08-22,AD002,MBA Admission,Facebook,21–35 Age,100402,5050,816,428,214,59444.37,833256.71,South India,5.02978028326129,11.771162376237625,16.15841584158416,277.77742990654207,14.017420152657012
2025-08-23,AD002,MBA Admission,Facebook,21–35 Age,182510,10026,2101,1067,537,125713.35,3892044.05,East India,5.493397622048106,12.538734290843808,20.955515659285854,234.10307262569833,30.95967174528401
2025-08-24,AD002,MBA Admission,Facebook,21–35 Age,91784,5762,1342,834,453,53692.75,2444731.5,East India,6.2777826200644995,9.318422422769872,23.290524123568204,118.52704194260485,45.53187348385024
2025-08-25,AD002,MBA Admission,Facebook,21–35 Age,277958,10817,2519,1222,546,258352.11,3167583.01,West India,3.8915951330776593,23.883896644171212,23.28741795322178,473.1723626373626,12.260720494986474
2025-08-26,AD002,MBA Admission,Facebook,21–35 Age,192183,10955,1911,982,531,99989.22,2721879.68,South India,5.700296071973067,9.127267914194432,17.444089456869012,188.30361581920903,27.221731302634424
2025-08-27,AD002,MBA Admission,Facebook,21–35 Age,263391,15760,2389,1303,686,138918.72,3426291.48,West India,5.983499815863109,8.81463959390863,15.158629441624367,202.50542274052478,24.664001223161286
2025-08-28,AD002,MBA Admission,Facebook,21–35 Age,272021,16255,3053,1496,719,201326.36,2668478.92,Pan India,5.97564158649516,12.385503537373115,18.781913257459244,280.00884561891513,13.254493450336062
2025-08-29,AD002,MBA Admission,Facebook,21–35 Age,156442,5047,1081,616,364,81569.7,1780402.59,North India,3.226115748967669,16.16201703982564,21.41866455319992,224.0925824175824,21.826763982213986
2025-08-30,AD002,MBA Admission,Facebook,21–35 Age,247071,14991,3641,1717,746,196671.42,5676011.44,North India,6.067486673871073,13.11929957974785,24.28790607697952,263.63461126005365,28.860377577992775
2025-08-31,AD002,MBA Admission,Facebook,21–35 Age,250143,13827,2421,1432,812,246806.14,4206184.57,East India,5.527638190954774,17.849579807622767,17.50922108917336,303.94844827586206,17.04246324665991
2025-09-01,AD002,MBA Admission,Facebook,21–35 Age,107058,3243,768,451,183,93964.07,1201913.08,South India,3.0291991257075606,28.974427998766576,23.681776133209993,513.4648633879782,12.791198593249526
2025-09-02,AD002,MBA Admission,Facebook,21–35 Age,70747,4626,1107,534,275,61069.08,943623.62,South India,6.538793164374461,13.201271076523994,23.929961089494164,222.06938181818182,15.451741208480625
2025-09-03,AD002,MBA Admission,Facebook,21–35 Age,239227,14680,3320,1838,874,144170.21,6122970.76,Pan India,6.136431088464095,9.820858991825613,22.615803814713896,164.9544736842105,42.470429640076134
2025-09-04,AD002,MBA Admission,Facebook,21–35 Age,205200,14587,2970,1688,853,110816.95,5569954.66,East India,7.108674463937621,7.596966477000068,20.36059505038733,129.9143610785463,50.26265981873712
2025-09-05,AD002,MBA Admission,Facebook,21–35 Age,281976,15138,3583,1682,882,184334.8,5829281.55,South India,5.368542003574772,12.176958647113224,23.66891267010173,208.99637188208615,31.62333726458596
2025-09-06,AD002,MBA Admission,Facebook,21–35 Age,137599,10631,2329,1429,624,116671.7,1995280.37,Pan India,7.726073590651095,10.97466842253786,21.907628633242403,186.9738782051282,17.10166535672318
2025-09-07,AD002,MBA Admission,Facebook,21–35 Age,197813,9162,1467,664,331,126646.91,2242704.03,North India,4.631647060607746,13.823063741541148,16.01178781925344,382.61906344410875,17.708320163516028
2025-09-08,AD002,MBA Admission,Facebook,21–35 Age,183517,8806,1894,1152,607,156011.44,3701255.37,West India,4.79846553725268,17.716493300022712,21.50806268453327,257.0204942339374,23.724256182751727
2025-09-09,AD002,MBA Admission,Facebook,21–35 Age,92749,6844,1354,704,396,68351.57,1710346.58,East India,7.379055299787598,9.987079193454122,19.78375219170076,172.60497474747476,25.022784114541917
2025-09-10,AD002,MBA Admission,Facebook,21–35 Age,242936,9558,1983,1172,687,221405.22,3264776.12,South India,3.9343695458886287,23.164387947269304,20.74701820464532,322.2783406113537,14.745705272892843
2025-09-11,AD002,MBA Admission,Facebook,21–35 Age,99617,3517,638,340,165,43282.33,505160.33,East India,3.5305218988726823,12.306605061131647,18.14046061984646,262.3171515151515,11.671283177222668
2025-09-12,AD002,MBA Admission,Facebook,21–35 Age,76637,3191,733,446,203,74481.25,656000.98,Pan India,4.163785116849564,23.341037292384833,22.970855531181446,366.9027093596059,8.807598959469665
2025-09-13,AD002,MBA Admission,Facebook,21–35 Age,166151,7773,1561,853,511,164748.2,4031732.04,East India,4.678274581555332,21.194931172005663,20.08233629229384,322.4035225048924,24.472085522026948
2025-09-14,AD002,MBA Admission,Facebook,21–35 Age,107335,5840,883,548,311,91579.99,1951223.87,West India,5.44090930265058,15.681505136986303,15.11986301369863,294.469421221865,21.306224973381195
2025-09-15,AD002,MBA Admission,Facebook,21–35 Age,132078,9148,2250,1070,580,89794.27,2201670.15,South India,6.926210269689123,9.815726934849147,24.595540008745083,154.81770689655173,24.51904948946074
2025-09-16,AD002,MBA Admission,Facebook,21–35 Age,101493,6771,1085,554,279,77121.89,992341.27,West India,6.6713960568709165,11.390029537734456,16.024220942253727,276.4225448028674,12.867180381601125
2025-09-17,AD002,MBA Admission,Facebook,21–35 Age,111983,6950,1441,658,268,90692.09,1466996.16,North India,6.206299170409794,13.049221582733812,20.73381294964029,338.40332089552237,16.175569004970555
2025-09-18,AD002,MBA Admission,Facebook,21–35 Age,215192,7975,1358,818,362,93531.85,2116994.93,North India,3.705992787835979,11.728131661442006,17.0282131661442,258.37527624309394,22.63394693893043
2025-09-19,AD002,MBA Admission,Facebook,21–35 Age,261009,19792,4855,2851,1191,193741.4,8258758.73,Pan India,7.5828802838216305,9.788874292643492,24.53011317704123,162.67120067170444,42.62774363145926
2025-09-20,AD002,MBA Admission,Facebook,21–35 Age,197776,11695,1855,1099,619,120118.79,3111027.07,Pan India,5.9132554000485404,10.270952543822146,15.86147926464301,194.05297253634893,25.899587150353412
2025-09-21,AD002,MBA Admission,Facebook,21–35 Age,272006,16516,2535,1364,637,121243.02,4131056.57,Pan India,6.071924884009912,7.340943327682248,15.34875272463066,190.33441130298274,34.072531103233814
2025-09-22,AD002,MBA Admission,Facebook,21–35 Age,130283,4990,834,405,218,106682.68,987967.58,Pan India,3.830123653891912,21.379294589178354,16.713426853707414,489.37009174311925,9.260805784031673
2025-09-23,AD002,MBA Admission,Facebook,21–35 Age,135555,6016,1132,528,291,61223.53,2126629.76,North India,4.4380509756187525,10.17678357712766,18.816489361702125,210.39013745704466,34.73549728347908
2025-09-24,AD002,MBA Admission,Facebook,21–35 Age,170800,9993,1997,1153,565,123954.87,3933314.72,North India,5.850702576112412,12.40416991894326,19.98398879215451,219.38915044247787,31.731828850290434
2025-09-25,AD002,MBA Admission,Facebook,21–35 Age,216281,12275,2743,1436,761,153644.3,4620519.83,Pan India,5.675486982212955,12.516847250509164,22.34623217922607,201.89789750328512,30.072835959420562
2025-09-26,AD002,MBA Admission,Facebook,21–35 Age,288814,15144,3229,1667,717,184629.3,5541722.66,East India,5.243513126094995,12.191580824088748,21.321975699947174,257.502510460251,30.015401997407782
2025-09-27,AD002,MBA Admission,Facebook,21–35 Age,63287,2103,392,234,105,40525.23,774682.1,West India,3.32295732140882,19.270199714693298,18.640038040893963,385.95457142857146,19.11604449869871
2025-09-28,AD002,MBA Admission,Facebook,21–35 Age,84362,5530,851,502,294,70942.7,1046903.01,South India,6.555084042578412,12.828698010849909,15.388788426763112,241.3017006802721,14.757022357480052
2025-09-29,AD002,MBA Admission,Facebook,21–35 Age,183268,7046,1579,810,481,179224.85,2698270.88,East India,3.844642818167929,25.436396537042295,22.409877944933296,372.60883575883577,15.0552274419535
2025-09-30,AD002,MBA Admission,Facebook,21–35 Age,262678,8632,1659,1014,452,114033.33,3043417.73,South India,3.2861526279322977,13.21053405931418,19.219184430027802,252.28612831858408,26.6888437792705
2025-10-01,AD002,MBA Admission,Facebook,21–35 Age,96963,4818,1033,523,239,77182.98,921080.74,West India,4.968905665047493,16.019713574097135,21.44043171440432,322.94133891213386,11.933728653648771
2025-10-02,AD002,MBA Admission,Facebook,21–35 Age,238932,17897,3400,1696,835,154238.89,3986006.43,South India,7.490415683123232,8.618142146728502,18.997597362686484,184.71723353293416,25.843069993566473
2025-10-03,AD002,MBA Admission,Facebook,21–35 Age,86613,4270,804,520,293,81879.25,2002746.27,South India,4.929975869673144,19.175468384074943,18.82903981264637,279.4513651877133,24.459753478445393
2025-10-04,AD002,MBA Admission,Facebook,21–35 Age,133105,6571,1269,758,414,125866.36,2149460.89,East India,4.93670410578115,19.154825749505402,19.31212905189469,304.02502415458935,17.077326221239733
2025-10-05,AD002,MBA Admission,Facebook,21–35 Age,277734,16825,4065,1971,1056,248427.75,5043350.97,North India,6.057954733666026,14.765393759286775,24.160475482912332,235.25355113636363,20.301077355488665
2025-10-06,AD002,MBA Admission,Facebook,21–35 Age,116985,8242,1752,845,384,92101.9,2994088.87,West India,7.0453476941488224,11.174702742052899,21.25697646202378,239.84869791666665,32.50843761095048
2025-10-07,AD002,MBA Admission,Facebook,21–35 Age,229002,17513,3683,2365,1189,161077.87,9344118.66,East India,7.647531462607314,9.197617198652429,21.030091931707876,135.47339781328847,58.009946741908124
2025-10-08,AD002,MBA Admission,Facebook,21–35 Age,190424,10827,2153,1389,633,105225.0,3490888.31,Pan India,5.6857328908120826,9.718758658908285,19.885471506419137,166.23222748815166,33.17546505108102
2025-10-09,AD002,MBA Admission,Facebook,21–35 Age,110972,4268,982,454,200,97229.71,1191628.0,East India,3.846015211044227,22.78109418931584,23.008434864104967,486.14855000000006,12.255801236062515
2025-10-10,AD002,MBA Admission,Facebook,21–35 Age,90691,6497,1168,594,242,54234.25,815080.48,Pan India,7.163886162904809,8.347583500076958,17.97752808988764,224.10847107438016,15.028888202565721
2025-10-11,AD002,MBA Admission,Facebook,21–35 Age,58157,3232,534,257,110,53956.0,475326.81,East India,5.557370565882009,16.69430693069307,16.522277227722775,490.5090909090909,8.809526466009341
2025-10-12,AD002,MBA Admission,Facebook,21–35 Age,135976,10257,1702,1092,457,95285.12,1968745.07,Pan India,7.543242925222097,9.289765038510286,16.59354587111241,208.5013566739606,20.66162135284082
2025-10-13,AD002,MBA Admission,Facebook,21–35 Age,75257,2399,411,199,112,34218.43,450838.11,East India,3.1877433328461136,14.263622342642767,17.13213839099625,305.52169642857143,13.175300853955017
2025-10-14,AD002,MBA Admission,Facebook,21–35 Age,198364,13118,1984,1175,480,91490.04,2452250.17,West India,6.613095118065777,6.974389388626315,15.124256746455252,190.60424999999998,26.803465929187485
2025-10-15,AD002,MBA Admission,Facebook,21–35 Age,295919,17609,3372,1885,798,153865.02,5620586.36,West India,5.950614864202705,8.737862456698279,19.149298654097336,192.81330827067669,36.52933174804774
2025-10-16,AD002,MBA Admission,Facebook,21–35 Age,219192,9561,2253,1253,681,111858.16,2520660.98,East India,4.361929267491514,11.699420562702647,23.56448070285535,164.2557415565345,22.534439865629828
2025-10-17,AD002,MBA Admission,Facebook,21–35 Age,274932,19134,4243,2579,1097,235450.39,5481451.67,North India,6.959539086028545,12.305340754677538,22.175185533605102,214.63116681859617,23.28070754098135
2025-10-18,AD002,MBA Admission,Facebook,21–35 Age,73891,5322,940,560,325,30551.39,1890046.69,East India,7.202500981174974,5.740584366779406,17.662532882375046,94.00427692307692,61.86450731046934
2025-10-19,AD002,MBA Admission,Facebook,21–35 Age,78968,2541,471,249,121,54841.39,399316.55,North India,3.217759092290548,21.582601338055884,18.536009445100355,453.23462809917356,7.281298851104977
2025-10-20,AD002,MBA Admission,Facebook,21–35 Age,260789,14483,2729,1300,685,217576.56,2824586.55,West India,5.553531782398798,15.022893047020645,18.84278119174204,317.63001459854013,12.98203515121298
2025-10-21,AD002,MBA Admission,Facebook,21–35 Age,134380,6252,1300,685,354,132525.26,2665107.49,South India,4.652478047328471,21.19725847728727,20.793346129238643,374.36514124293785,20.110184956437738
2025-10-22,AD002,MBA Admission,Facebook,21–35 Age,287916,10349,1738,838,398,115613.02,1867784.24,Pan India,3.594451159365926,11.171419460817472,16.793893129770993,290.48497487437186,16.155483525990412
2025-10-23,AD002,MBA Admission,Facebook,21–35 Age,216575,12444,2477,1587,674,147196.81,4576963.63,East India,5.745815537342722,11.828737544198006,19.905175184828032,218.3928931750742,31.09417676918406
2025-10-24,AD002,MBA Admission,Facebook,21–35 Age,71172,4222,908,490,236,46274.85,1760206.67,North India,5.9321081324116225,10.960409758408337,21.506395073424915,196.07987288135593,38.0380848344187
2025-10-25,AD002,MBA Admission,Facebook,21–35 Age,198682,8609,1832,1094,574,80603.11,1777848.23,South India,4.333054831338521,9.362656522244164,21.2800557556046,140.42353658536587,22.056819271613712
2025-10-26,AD002,MBA Admission,Facebook,21–35 Age,87021,6502,1617,998,494,46482.66,2244803.69,Pan India,7.4717596901897245,7.148978775761305,24.86927099354045,94.09445344129556,48.29335692062373
2025-10-27,AD002,MBA Admission,Facebook,21–35 Age,277676,18342,3757,2032,1017,242232.32,5399981.27,South India,6.605540269954911,13.206428960854868,20.483044379020825,238.18320550639135,22.29257132161389
2025-10-28,AD002,MBA Admission,Facebook,21–35 Age,132019,9429,2004,1029,542,129503.53,3403497.0,West India,7.142153780895175,13.734598578852477,21.25357938275533,238.93640221402214,26.28111372717022
2025-10-29,AD002,MBA Admission,Facebook,21–35 Age,89527,5616,865,507,215,79011.86,1224216.24,West India,6.272967931462017,14.06906339031339,15.402421652421653,367.49702325581393,15.494082027685463
2025-10-30,AD002,MBA Admission,Facebook,21–35 Age,232419,17670,3031,1638,975,200506.15,7007981.3,East India,7.602648664696088,11.347263723825693,17.15336728919072,205.64733333333334,34.95145311004176
2025-10-31,AD002,MBA Admission,Facebook,21–35 Age,267804,19472,4863,2431,1100,251059.32,6675311.68,Pan India,7.270989230930083,12.893350451930978,24.97432210353328,228.23574545454545,26.58858344713114
